,Area,Mean,StdDev,Min,Max,Perim.,Circ.,Feret,IntDen,Median,Kurt,%Area,RawIntDen,FeretX,FeretY,FeretAngle,MinFeret,AR,Round,Solidity
1,20.0,138.850,9.349,119,149,18.142,0.764,7.616,2777,141,-0.761,100,2777,327,153,156.801,4.427,1.869,0.535,0.784
2,2,145.000,8.485,139,151,4.243,1.000,2.236,290,151,-2.000,100,290,435,152,153.435,1.000,2.000,0.500,1.000
3,3,150.333,1.528,149,152,5.657,1.000,2.828,451,150,-1.500,100,451,471,152,135.000,2.000,1.464,0.683,0.857
4,9,137.889,7.373,126,151,11.314,0.884,5.000,1241,137,-0.477,100,1241,303,153,126.870,2.828,1.915,0.522,0.783
5,1,150.000,0.000,150,150,2.828,1.000,1.414,150,150,NaN,100,150,160,154,135.000,1.000,1.000,1.000,1.000
6,4,148.750,3.202,146,152,11.314,0.393,4.243,595,151,-1.936,100,595,248,156,135.000,2.828,1.537,0.650,0.571
7,8,147.625,4.274,142,152,13.314,0.567,5.000,1181,151,-1.754,100,1181,206,158,143.130,3.000,1.352,0.740,0.696
8,1,152.000,0.000,152,152,2.828,1.000,1.414,152,152,NaN,100,152,71,159,135.000,1.000,1.000,1.000,1.000
9,18,117.611,23.076,61,151,14.728,1.000,5.831,2117,122,0.530,100,2117,240,163,30.964,4.919,1.220,0.819,0.857
10,1,149.000,0.000,149,149,2.828,1.000,1.414,149,149,NaN,100,149,284,160,135.000,1.000,1.000,1.000,1.000
11,1,151.000,0.000,151,151,2.828,1.000,1.414,151,151,NaN,100,151,286,160,135.000,1.000,1.000,1.000,1.000
12,1,152.000,0.000,152,152,2.828,1.000,1.414,152,152,NaN,100,152,286,162,135.000,1.000,1.000,1.000,1.000
13,50,134.880,14.456,91,151,40.284,0.387,12.806,6744,139,0.820,100,6744,219,163,128.660,9.000,1.713,0.584,0.649
14,1,151.000,0.000,151,151,2.828,1.000,1.414,151,151,NaN,100,151,110,164,135.000,1.000,1.000,1.000,1.000
15,4,143.250,7.805,133,152,11.314,0.393,4.243,573,144,-0.976,100,573,154,167,45.000,2.828,1.537,0.650,0.571
16,54,135.574,11.570,109,152,29.213,0.795,12.083,7321,137,-0.893,100,7321,80,168,155.556,7.778,1.546,0.647,0.850
17,60,123.700,17.715,90,152,28.385,0.936,10.770,7422,125,-1.099,100,7422,360,171,21.801,8.000,1.373,0.728,0.882
18,45,135.733,12.848,105,152,27.213,0.764,10.000,6108.000,138,-0.359,100,6108.000,38,173,36.870,7.071,1.366,0.732,0.865
19,6,149.500,2.345,145,151,9.657,0.809,4.472,897.000,151,0.375,100,897.000,179,167,116.565,2.000,2.082,0.480,0.857
20,5,149.600,3.362,145,152,10.485,0.572,4.472,748.000,152,-1.549,100,748.000,371,169,116.565,2.000,2.152,0.465,0.714
21,10,141.100,11.150,120,152,12.485,0.806,5.000,1411.000,145,-0.425,100,1411.000,138,173,36.870,3.000,1.285,0.778,0.870
22,4,146.000,3.742,142,151,8.243,0.740,4.123,584.000,146,-1.000,100,584.000,169,170,165.964,1.000,4.000,0.250,1.000
23,5,151.200,0.837,150,152,9.899,0.641,4.472,756.000,151,-1.153,100,756.000,102,172,153.435,2.000,2.165,0.462,0.667
24,16,135.062,8.805,120,151,17.556,0.652,7.616,2161.000,135,-0.377,100,2161.000,384,177,23.199,4.000,1.908,0.524,0.762
25,5,148.200,3.033,144,151,14.142,0.314,4.243,741.000,150,-1.460,100,741.000,118,176,135.000,3.000,1.000,1.000,0.556
26,2,145.000,1.414,144,146,5.657,0.785,2.828,290.000,146,-2.000,100,290.000,195,178,45.000,1.414,2.646,0.378,0.667
27,2,146.000,1.414,145,147,5.657,0.785,2.828,292.000,147,-2.000,100,292.000,332,176,135.000,1.414,2.646,0.378,0.667
28,32,136.531,11.277,116,152,24.385,0.676,9.487,4369.000,136,-0.997,100,4369.000,214,178,161.565,5.883,1.949,0.513,0.780
29,1,150.000,0.000,150,150,2.828,1.000,1.414,150.000,150,NaN,100,150.000,122,178,135.000,1.000,1.000,1.000,1.000
30,41,140.561,9.884,118,152,25.799,0.774,10.296,5763.000,144,-0.794,100,5763.000,85,181,150.945,6.517,1.818,0.550,0.820
31,4,144.000,5.715,137,151,7.071,1.000,3.162,576.000,144,-1.000,100,576.000,231,183,161.565,2.000,1.468,0.681,0.800
32,16,144.500,6.928,128,152,14.728,0.927,5.831,2312.000,147,-0.071,100,2312.000,528,182,120.964,4.243,1.337,0.748,0.842
33,69,119.000,23.251,75,152,36.385,0.655,16.125,8211.000,123,-1.197,100,8211.000,588,184,172.875,6.000,2.593,0.386,0.885
34,1,151.000,0.000,151,151,2.828,1.000,1.414,151.000,151,NaN,100,151.000,610,182,135.000,1.000,1.000,1.000,1.000
35,1,152.000,0.000,152,152,2.828,1.000,1.414,152.000,152,NaN,100,152.000,223,183,135.000,1.000,1.000,1.000,1.000
36,4,148.500,3.000,146,152,7.071,1.000,3.162,594.000,150,-1.720,100,594.000,218,184,161.565,2.000,1.468,0.681,0.800
37,25,143.920,6.794,127,152,22.385,0.627,8.602,3598.000,145,-0.095,100,3598.000,576,184,144.462,5.145,1.802,0.555,0.758
38,4,138.250,11.615,121,146,7.071,1.000,3.162,553.000,144,-0.718,100,553.000,288,186,161.565,2.000,1.468,0.681,0.800
39,16,142.500,7.642,120,152,17.556,0.652,7.071,2280.000,143,2.792,100,2280.000,250,186,135.000,4.243,1.677,0.596,0.762
40,5,144.200,4.438,139,151,8.485,0.873,4.243,721.000,144,-0.670,100,721.000,258,189,45.000,2.683,1.882,0.531,0.714
41,29,141.241,8.127,124,152,23.799,0.643,8.485,4096.000,144,-0.808,100,4096.000,561,186,135.000,5.814,1.510,0.662,0.753
42,15,136.467,7.318,121,145,13.899,0.976,5.831,2047.000,139,-0.214,100,2047.000,480,193,59.036,4.000,1.392,0.718,0.882
43,67,137.642,8.927,110,151,30.142,0.927,12.207,9222.000,136,-0.157,100,9222.000,78,190,124.992,8.000,1.441,0.694,0.924
44,9,138.000,9.487,124,149,12.485,0.726,4.472,1242.000,139,-1.152,100,1242.000,174,190,116.565,3.000,1.139,0.878,0.818
45,22,124.545,16.607,84,151,16.728,0.988,6.403,2740.000,128,-0.207,100,2740.000,142,197,38.660,5.000,1.089,0.918,0.863
46,20,133.350,12.014,107,152,18.142,0.764,7.211,2667.000,135,-0.362,100,2667.000,237,198,56.310,5.000,1.249,0.801,0.800
47,189,103.709,29.234,42,152,57.598,0.716,20.809,19601.000,97,-1.090,100,19601.000,106,193,125.218,13.546,1.693,0.591,0.846
48,2,150.500,0.707,150,151,5.657,0.785,2.828,301.000,151,-2.000,100,301.000,179,193,135.000,1.414,2.646,0.378,0.667
49,23,137.478,11.098,110,152,23.213,0.536,8.602,3162.000,136,0.048,100,3162.000,122,194,144.462,6.000,1.396,0.716,0.697
50,1,142.000,0.000,142,142,2.828,1.000,1.414,142.000,142,NaN,100,142.000,272,194,135.000,1.000,1.000,1.000,1.000
51,25,131.200,16.184,97,152,22.627,0.614,8.602,3280.000,129,-0.924,100,3280.000,71,202,54.462,5.400,1.592,0.628,0.725
52,4,145.750,3.775,142,151,7.071,1.000,3.606,583.000,145,-0.903,100,583.000,208,195,146.310,2.000,2.031,0.492,0.800
53,1,152.000,0.000,152,152,2.828,1.000,1.414,152.000,152,NaN,100,152.000,32,196,135.000,1.000,1.000,1.000,1.000
54,1,152.000,0.000,152,152,2.828,1.000,1.414,152.000,152,NaN,100,152.000,34,196,135.000,1.000,1.000,1.000,1.000
55,1,148.000,0.000,148,148,2.828,1.000,1.414,148.000,148,NaN,100,148.000,52,198,135.000,1.000,1.000,1.000,1.000
56,56,143.018,8.348,119,152,53.012,0.250,18.028,8009.000,144,1.233,100,8009.000,172,198,160.560,7.782,3.339,0.299,0.544
57,1,152.000,0.000,152,152,2.828,1.000,1.414,152.000,152,NaN,100,152.000,308,198,135.000,1.000,1.000,1.000,1.000
58,1,151.000,0.000,151,151,2.828,1.000,1.414,151.000,151,NaN,100,151.000,52,200,135.000,1.000,1.000,1.000,1.000
59,62,115.565,22.790,58,151,30.971,0.812,12.530,7165.000,113,-0.797,100,7165.000,88,208,28.610,7.417,1.856,0.539,0.855
60,1,152.000,0.000,152,152,2.828,1.000,1.414,152.000,152,NaN,100,152.000,261,201,135.000,1.000,1.000,1.000,1.000
61,22,138.318,12.688,113,152,18.142,0.840,7.071,3043.000,140,-0.986,100,3043.000,291,204,135.000,5.657,1.342,0.745,0.786
62,33,127.182,15.783,90,152,22.971,0.786,9.849,4197.000,127,-0.422,100,4197.000,519,209,23.962,5.578,1.945,0.514,0.835
63,5,148.200,3.834,142,151,10.485,0.572,5.000,741.000,150,-0.667,100,741.000,26,204,126.870,2.121,3.145,0.318,0.667
64,7,148.429,3.101,145,152,11.899,0.621,5.657,1039.000,149,-1.649,100,1039.000,499,208,45.000,2.828,2.332,0.429,0.700
65,4,151.500,1.000,150,152,7.071,1.000,3.162,606.000,152,-0.667,100,606.000,504,204,161.565,2.000,1.468,0.681,0.800
66,6,144.833,5.037,139,152,11.314,0.589,5.000,869.000,146,-1.367,100,869.000,174,208,143.130,2.828,1.984,0.504,0.667
67,109,144.670,7.525,108,152,47.355,0.611,16.553,15769.000,147,6.785,100,15769.000,494,215,25.017,11.000,1.441,0.694,0.838
68,15,134.067,10.471,117,146,13.657,1.000,5.831,2011.000,137,-1.254,100,2011.000,14,210,120.964,3.000,1.667,0.600,1.000
69,5,143.600,7.893,134,150,8.485,0.873,3.606,718.000,149,-1.776,100,718.000,248,215,33.690,2.683,1.496,0.668,0.714
70,1,151.000,0.000,151,151,2.828,1.000,1.414,151.000,151,NaN,100,151.000,252,212,135.000,1.000,1.000,1.000,1.000
71,1,147.000,0.000,147,147,2.828,1.000,1.414,147.000,147,NaN,100,147.000,480,212,135.000,1.000,1.000,1.000,1.000
72,180,115.072,24.701,57,152,60.770,0.613,22.804,20713.000,115,-1.158,100,20713.000,127,224,15.255,12.258,1.751,0.571,0.839
73,1,152.000,0.000,152,152,2.828,1.000,1.414,152.000,152,NaN,100,152.000,88,216,135.000,1.000,1.000,1.000,1.000
74,7,140.571,10.358,124,152,9.071,1.000,3.606,984.000,146,-1.194,100,984.000,302,218,123.690,3.000,1.069,0.936,0.875
75,1,143.000,0.000,143,143,2.828,1.000,1.414,143.000,143,NaN,100,143.000,234,220,135.000,1.000,1.000,1.000,1.000
76,1,149.000,0.000,149,149,2.828,1.000,1.414,149.000,149,NaN,100,149.000,390,220,135.000,1.000,1.000,1.000,1.000
77,5,143.800,9.783,127,152,9.657,0.674,4.243,719.000,146,-0.102,100,719.000,202,222,135.000,2.828,1.727,0.579,0.714
78,1,146.000,0.000,146,146,2.828,1.000,1.414,146.000,146,NaN,100,146.000,298,222,135.000,1.000,1.000,1.000,1.000
79,103,121.350,27.930,35,152,59.012,0.372,21.401,12499.000,131,0.716,100,12499.000,123,227,142.595,8.648,3.329,0.300,0.687
80,1,140.000,0.000,140,140,2.828,1.000,1.414,140.000,140,NaN,100,140.000,146,226,135.000,1.000,1.000,1.000,1.000
81,8,141.250,6.628,129,147,9.071,1.000,4.243,1130.000,146,-0.732,100,1130.000,318,226,135.000,3.000,1.229,0.814,0.941
82,102,110.353,26.691,47,151,36.971,0.938,13.928,11256.000,109,-0.678,100,11256.000,233,229,158.962,9.000,1.391,0.719,0.949
83,8,144.875,7.298,131,152,10.485,0.914,5.000,1159.000,148,-0.419,100,1159.000,582,230,36.870,3.000,1.791,0.558,0.800
84,1,148.000,0.000,148,148,2.828,1.000,1.414,148.000,148,NaN,100,148.000,106,230,135.000,1.000,1.000,1.000,1.000
85,1,150.000,0.000,150,150,2.828,1.000,1.414,150.000,150,NaN,100,150.000,110,230,135.000,1.000,1.000,1.000,1.000
86,14,137.929,10.164,111,151,16.142,0.675,5.831,1931.000,138,1.727,100,1931.000,202,230,120.964,4.000,1.204,0.831,0.800
87,129,124.496,17.966,74,152,56.770,0.503,21.024,16060.000,123,-0.887,100,16060.000,470,230,154.654,11.000,1.886,0.530,0.794
88,45,133.556,15.333,87,152,26.385,0.812,9.487,6010.000,138,0.095,100,6010.000,158,232,161.565,8.000,1.160,0.862,0.811
89,8,143.000,6.047,135,151,11.314,0.785,5.000,1144.000,145,-1.511,100,1144.000,211,231,126.870,2.828,2.014,0.496,0.727
90,1,152.000,0.000,152,152,2.828,1.000,1.414,152.000,152,NaN,100,152.000,74,232,135.000,1.000,1.000,1.000,1.000
91,9,146.556,6.346,131,151,14.142,0.565,5.000,1319.000,148,2.182,100,1319.000,563,236,143.130,4.000,1.125,0.889,0.643
92,1,149.000,0.000,149,149,2.828,1.000,1.414,149.000,149,NaN,100,149.000,44,236,135.000,1.000,1.000,1.000,1.000
93,9,144.667,4.093,138,151,11.899,0.799,4.472,1302.000,145,-0.842,100,1302.000,118,236,116.565,3.795,1.192,0.839,0.750
94,40,136.025,10.169,112,152,30.627,0.536,12.649,5441.000,138,-0.655,100,5441.000,56,240,161.565,6.656,1.930,0.518,0.690
95,3,144.333,6.110,139,151,6.243,0.967,3.162,433.000,143,-1.500,100,433.000,90,240,161.565,1.000,3.000,0.333,1.000
96,137,123.292,17.532,78,152,51.113,0.659,16.643,16891.000,124,-0.496,100,16891.000,97,249,32.735,12.854,1.263,0.792,0.828
97,6,144.333,7.815,131,152,9.071,0.916,3.606,866.000,148,-0.601,100,866.000,126,241,146.310,3.000,1.124,0.890,0.800
98,18,145.167,6.252,130,152,16.142,0.868,6.325,2613.000,147,-0.224,100,2613.000,343,244,18.435,5.000,1.233,0.811,0.783
99,5,145.200,3.347,140,149,7.071,1.000,3.606,726.000,145,-0.633,100,726.000,132,243,33.690,2.000,1.553,0.644,0.909
100,59,120.051,23.379,53,152,32.142,0.718,12.649,7083.000,126,0.027,100,7083.000,371,253,71.565,6.000,2.229,0.449,0.894
101,3,148.000,6.928,140,152,6.243,0.967,3.162,444.000,152,-1.500,100,444.000,90,242,161.565,1.000,3.000,0.333,1.000
102,18,143.389,9.069,119,152,14.485,1.000,6.403,2581.000,146,1.010,100,2581.000,498,245,128.660,4.000,1.362,0.734,0.947
103,6,146.167,6.306,134,151,11.314,0.589,4.472,877.000,148,0.493,100,877.000,558,247,26.565,2.828,1.633,0.612,0.667
104,1,147.000,0.000,147,147,2.828,1.000,1.414,147.000,147,NaN,100,147.000,172,246,135.000,1.000,1.000,1.000,1.000
105,71,111.394,23.015,66,151,31.213,0.916,11.180,7909.000,111,-1.123,100,7909.000,252,254,26.565,9.701,1.186,0.843,0.887
106,70,97.186,35.353,28,151,34.042,0.759,13.038,6803.000,101,-1.132,100,6803.000,394,259,57.529,9.000,1.300,0.769,0.814
107,1,150.000,0.000,150,150,2.828,1.000,1.414,150.000,150,NaN,100,150.000,72,248,135.000,1.000,1.000,1.000,1.000
108,22,141.818,7.021,122,150,21.799,0.582,8.602,3120.000,144,1.777,100,3120.000,332,253,35.538,5.060,1.900,0.526,0.710
109,1,151.000,0.000,151,151,2.828,1.000,1.414,151.000,151,NaN,100,151.000,402,248,135.000,1.000,1.000,1.000,1.000
110,13,137.538,16.726,93,151,13.899,0.846,5.657,1788.000,145,2.062,100,1788.000,85,249,135.000,4.000,1.294,0.773,0.867
111,71,125.113,21.222,61,152,34.627,0.744,14.318,8883.000,125,1.058,100,8883.000,483,253,167.905,7.000,2.227,0.449,0.866
112,13,139.308,10.719,113,151,14.485,0.779,5.831,1811.000,139,0.746,100,1811.000,240,256,30.964,3.000,1.552,0.644,0.897
113,6,144.500,4.637,139,152,9.071,0.916,4.243,867.000,145,-0.781,100,867.000,152,254,135.000,2.828,1.593,0.628,0.857
114,27,111.963,30.176,47,152,18.728,0.967,8.062,3023.000,116,-0.353,100,3023.000,263,261,60.255,5.000,1.490,0.671,0.900
115,16,111.750,21.761,55,147,14.728,0.927,5.831,1788.000,112,1.151,100,1788.000,376,259,30.964,4.243,1.337,0.748,0.842
116,13,135.308,16.383,102,152,11.899,1.000,5.000,1759.000,143,-0.670,100,1759.000,460,258,36.870,4.000,1.159,0.863,0.897
117,1,151.000,0.000,151,151,2.828,1.000,1.414,151.000,151,NaN,100,151.000,588,254,135.000,1.000,1.000,1.000,1.000
118,23,120.261,27.310,47,152,19.556,0.756,7.211,2766.000,114,0.189,100,2766.000,127,255,123.690,5.692,1.230,0.813,0.754
119,8,132.375,7.945,120,148,10.485,0.914,5.000,1059.000,132,0.444,100,1059.000,140,259,53.130,2.828,1.939,0.516,0.842
120,7,147.286,3.638,143,152,15.556,0.363,7.211,1031.000,147,-1.370,100,1031.000,563,255,146.310,2.971,3.270,0.306,0.483
121,1,151.000,0.000,151,151,2.828,1.000,1.414,151.000,151,NaN,100,151.000,114,256,135.000,1.000,1.000,1.000,1.000
122,12,132.667,14.266,100,151,12.485,0.967,5.385,1592.000,138,0.268,100,1592.000,133,256,111.801,3.000,1.579,0.633,0.889
123,1,152.000,0.000,152,152,2.828,1.000,1.414,152.000,152,NaN,100,152.000,468,256,135.000,1.000,1.000,1.000,1.000
124,16,140.188,8.758,119,151,15.556,0.831,7.211,2243.000,141,0.210,100,2243.000,100,258,146.310,3.536,2.270,0.441,0.800
125,1,152.000,0.000,152,152,2.828,1.000,1.414,152.000,152,NaN,100,152.000,192,258,135.000,1.000,1.000,1.000,1.000
126,1,146.000,0.000,146,146,2.828,1.000,1.414,146.000,146,NaN,100,146.000,298,258,135.000,1.000,1.000,1.000,1.000
127,16,139.750,11.198,107,152,15.314,0.857,6.708,2236.000,142,2.562,100,2236.000,460,265,63.435,4.000,1.608,0.622,0.842
128,2,148.500,3.536,146,151,4.243,1.000,2.236,297.000,151,-2.000,100,297.000,123,260,153.435,1.000,2.000,0.500,1.000
129,13,145.385,6.552,127,152,17.556,0.530,7.616,1890.000,146,2.908,100,1890.000,76,265,23.199,3.617,2.233,0.448,0.667
130,1,147.000,0.000,147,147,2.828,1.000,1.414,147.000,147,NaN,100,147.000,110,262,135.000,1.000,1.000,1.000,1.000
131,14,120.714,18.574,73,145,12.485,1.000,5.657,1690.000,124,1.237,100,1690.000,141,266,45.000,4.000,1.319,0.758,0.933
132,12,144.250,6.412,129,151,13.314,0.851,5.831,1731.000,146,0.718,100,1731.000,222,265,30.964,4.000,1.660,0.602,0.774
133,40,138.675,9.028,115,152,28.385,0.624,11.662,5547.000,139,0.085,100,5547.000,348,262,120.964,5.657,2.495,0.401,0.755
134,32,134.844,11.573,98,152,21.556,0.865,8.544,4315.000,137,1.700,100,4315.000,478,262,110.556,6.000,1.612,0.620,0.821
135,1,152.000,0.000,152,152,2.828,1.000,1.414,152.000,152,NaN,100,152.000,182,264,135.000,1.000,1.000,1.000,1.000
136,29,139.724,10.478,112,152,18.728,1.000,7.211,4052.000,142,0.844,100,4052.000,52,265,123.690,6.000,1.061,0.943,0.892
137,1,150.000,0.000,150,150,2.828,1.000,1.414,150.000,150,NaN,100,150.000,242,265,135.000,1.000,1.000,1.000,1.000
138,1,152.000,0.000,152,152,2.828,1.000,1.414,152.000,152,NaN,100,152.000,116,266,135.000,1.000,1.000,1.000,1.000
139,1,152.000,0.000,152,152,2.828,1.000,1.414,152.000,152,NaN,100,152.000,364,266,135.000,1.000,1.000,1.000,1.000
140,15,138.667,10.062,118,152,13.899,0.976,5.831,2080.000,138,-0.718,100,2080.000,486,269,30.964,4.000,1.530,0.654,0.857
141,10,148.700,3.592,141,152,19.556,0.329,8.062,1487.000,151,-0.035,100,1487.000,626,268,150.255,3.280,3.414,0.293,0.500
142,12,135.667,13.799,106,147,13.314,0.851,5.831,1628.000,142,-0.119,100,1628.000,2,268,120.964,3.536,1.881,0.532,0.800
143,1,145.000,0.000,145,145,2.828,1.000,1.414,145.000,145,NaN,100,145.000,240,268,135.000,1.000,1.000,1.000,1.000
144,125,104.824,28.147,34,152,51.113,0.601,18.601,13103.000,101,-0.747,100,13103.000,450,283,53.746,11.371,1.720,0.581,0.767
145,6,139.333,9.812,123,150,7.657,1.000,3.606,836.000,145,-0.734,100,836.000,91,270,123.690,2.000,1.500,0.667,1.000
146,78,99.167,32.353,37,152,35.213,0.790,13.000,7735.000,95,-1.218,100,7735.000,214,270,112.620,9.391,1.309,0.764,0.872
147,1,149.000,0.000,149,149,2.828,1.000,1.414,149.000,149,NaN,100,149.000,240,270,135.000,1.000,1.000,1.000,1.000
148,1,137.000,0.000,137,137,2.828,1.000,1.414,137.000,137,NaN,100,137.000,338,270,135.000,1.000,1.000,1.000,1.000
149,2,149.500,3.536,147,152,4.243,1.000,2.236,299.000,152,-2.000,100,299.000,452,270,153.435,1.000,2.000,0.500,1.000
150,289,97.315,26.970,28,152,73.983,0.664,26.000,28124.000,91,-0.541,100,28124.000,247,295,67.380,18.135,1.366,0.732,0.830
151,2,140.000,11.314,132,148,4.243,1.000,2.236,280.000,148,-2.000,100,280.000,360,271,153.435,1.000,2.000,0.500,1.000
152,78,124.000,20.029,65,152,37.456,0.699,13.038,9672.000,126,-0.575,100,9672.000,233,272,122.471,9.944,1.449,0.690,0.804
153,9,145.333,5.050,134,151,10.485,1.000,4.472,1308.000,147,0.860,100,1308.000,541,274,26.565,3.000,1.340,0.746,0.857
154,6,145.000,7.616,132,151,9.071,0.916,4.123,870.000,151,-0.678,100,870.000,45,274,165.964,2.000,1.809,0.553,0.857
155,1,152.000,0.000,152,152,2.828,1.000,1.414,152.000,152,NaN,100,152.000,203,273,135.000,1.000,1.000,1.000,1.000
156,8,145.250,7.686,130,152,11.314,0.785,4.472,1162.000,150,-0.155,100,1162.000,327,278,63.435,3.000,1.409,0.710,0.762
157,23,132.565,17.239,95,152,17.314,0.964,7.616,3049.000,139,-0.735,100,3049.000,264,279,23.199,4.000,1.682,0.595,0.920
158,15,133.333,11.992,116,150,13.314,1.000,5.831,2000.000,134,-1.234,100,2000.000,352,276,149.036,4.000,1.435,0.697,0.882
159,2,147.500,6.364,143,152,4.243,1.000,2.236,295.000,152,-2.000,100,295.000,61,276,153.435,1.000,2.000,0.500,1.000
160,74,120.081,20.288,80,152,32.042,0.906,11.662,8886.000,119,-1.193,100,8886.000,426,285,30.964,9.370,1.238,0.808,0.865
161,635,102.773,36.191,20,152,219.321,0.166,47.885,65261.000,108,-1.294,100,65261.000,454,318,61.294,31.495,1.718,0.582,0.660
162,5,148.400,3.507,143,152,11.314,0.491,4.472,742.000,150,-0.862,100,742.000,632,276,153.435,2.828,1.629,0.614,0.556
163,1,152.000,0.000,152,152,2.828,1.000,1.414,152.000,152,NaN,100,152.000,107,277,135.000,1.000,1.000,1.000,1.000
164,14,146.857,4.016,138,152,14.142,0.880,5.831,2056.000,146,0.020,100,2056.000,500,278,149.036,4.000,1.399,0.715,0.824
165,1,152.000,0.000,152,152,2.828,1.000,1.414,152.000,152,NaN,100,152.000,173,278,135.000,1.000,1.000,1.000,1.000
166,76,120.579,26.361,44,152,37.456,0.681,14.422,9164.000,129,-0.356,100,9164.000,339,290,56.310,9.487,1.715,0.583,0.804
167,5,136.400,11.480,121,150,7.657,1.000,3.606,682.000,139,-1.284,100,682.000,194,281,33.690,2.000,1.553,0.644,0.909
168,2,149.000,2.828,147,151,5.657,0.785,2.828,298.000,151,-2.000,100,298.000,491,279,135.000,1.414,2.646,0.378,0.667
169,1,146.000,0.000,146,146,2.828,1.000,1.414,146.000,146,NaN,100,146.000,19,281,135.000,1.000,1.000,1.000,1.000
170,122,114.664,24.632,53,152,45.456,0.742,16.492,13989.000,119,-0.923,100,13989.000,409,286,165.964,10.186,1.691,0.591,0.868
171,26,139.385,10.443,111,152,24.142,0.561,9.849,3624.000,141,0.362,100,3624.000,16,292,66.038,5.316,2.377,0.421,0.684
172,1,147.000,0.000,147,147,2.828,1.000,1.414,147.000,147,NaN,100,147.000,27,283,135.000,1.000,1.000,1.000,1.000
173,11,141.182,8.495,123,151,12.485,0.887,5.385,1553.000,140,-0.116,100,1553.000,174,284,158.199,3.000,1.619,0.618,0.846
174,2,149.000,4.243,146,152,4.243,1.000,2.236,298.000,152,-2.000,100,298.000,109,286,153.435,1.000,2.000,0.500,1.000
175,29,127.138,22.150,65,152,20.142,0.898,7.616,3687.000,131,0.692,100,3687.000,504,293,66.801,6.000,1.212,0.825,0.866
176,1,149.000,0.000,149,149,2.828,1.000,1.414,149.000,149,NaN,100,149.000,91,287,135.000,1.000,1.000,1.000,1.000
177,3,146.333,4.933,143,152,7.071,0.754,3.606,439.000,144,-1.500,100,439.000,134,289,33.690,1.789,2.702,0.370,0.667
178,17,138.412,10.149,115,152,15.314,0.911,5.831,2353.000,139,-0.101,100,2353.000,230,288,149.036,4.000,1.173,0.852,0.895
179,6,144.833,8.400,131,152,10.485,0.686,4.472,869.000,151,-0.913,100,869.000,144,293,63.435,2.000,2.119,0.472,0.800
180,7,148.714,2.059,145,151,13.071,0.515,4.243,1041.000,149,-0.491,100,1041.000,222,290,135.000,3.000,1.100,0.909,0.778
181,45,119.667,18.963,73,151,31.456,0.572,13.038,5385.000,118,-0.499,100,5385.000,110,303,57.529,7.071,2.320,0.431,0.720
182,7,145.571,4.198,141,150,11.899,0.621,4.472,1019.000,146,-1.783,100,1019.000,537,294,26.565,3.000,1.330,0.752,0.700
183,1,152.000,0.000,152,152,2.828,1.000,1.414,152.000,152,NaN,100,152.000,333,293,135.000,1.000,1.000,1.000,1.000
184,1,151.000,0.000,151,151,2.828,1.000,1.414,151.000,151,NaN,100,151.000,328,294,135.000,1.000,1.000,1.000,1.000
185,16,137.000,14.877,102,152,16.728,0.719,6.708,2192.000,145,-0.235,100,2192.000,548,294,153.435,4.000,1.588,0.630,0.800
186,2,146.500,2.121,145,148,4.243,1.000,2.236,293.000,148,-2.000,100,293.000,561,295,153.435,1.000,2.000,0.500,1.000
187,3,148.000,4.583,143,152,5.657,1.000,2.828,444.000,149,-1.500,100,444.000,225,298,45.000,2.000,1.464,0.683,0.857
188,96,111.500,25.339,59,152,40.284,0.743,15.232,10704.000,116,-0.837,100,10704.000,294,311,66.801,10.114,1.609,0.621,0.835
189,2,138.500,6.364,134,143,5.657,0.785,2.828,277.000,143,-2.000,100,277.000,390,299,45.000,1.414,2.646,0.378,0.667
190,1,152.000,0.000,152,152,2.828,1.000,1.414,152.000,152,NaN,100,152.000,228,298,135.000,1.000,1.000,1.000,1.000
191,3,143.333,10.786,131,151,5.657,1.000,2.828,430.000,148,-1.500,100,430.000,233,300,45.000,2.000,1.464,0.683,0.857
192,1,151.000,0.000,151,151,2.828,1.000,1.414,151.000,151,NaN,100,151.000,280,298,135.000,1.000,1.000,1.000,1.000
193,16,128.625,18.711,92,152,13.899,1.000,5.831,2058.000,135,-1.027,100,2058.000,440,298,120.964,4.000,1.371,0.729,0.889
194,87,93.644,45.537,9,152,53.255,0.385,17.493,8147.000,99,-1.353,100,8147.000,380,299,120.964,9.894,1.725,0.580,0.667
195,36,121.750,22.318,73,152,21.556,0.974,9.220,4383.000,119,-0.972,100,4383.000,419,300,130.601,5.657,1.620,0.617,0.911
196,33,127.667,17.385,97,151,21.556,0.892,8.246,4213.000,130,-1.167,100,4213.000,541,302,165.964,5.821,1.476,0.678,0.846
197,4,150.250,1.708,148,152,7.071,1.000,3.162,601.000,151,-1.154,100,601.000,217,301,161.565,2.000,1.468,0.681,0.800
198,1,152.000,0.000,152,152,2.828,1.000,1.414,152.000,152,NaN,100,152.000,432,301,135.000,1.000,1.000,1.000,1.000
199,5,142.400,12.341,122,152,7.657,1.000,3.606,712.000,145,-0.437,100,712.000,34,302,146.310,2.000,1.553,0.644,0.909
200,1,147.000,0.000,147,147,2.828,1.000,1.414,147.000,147,NaN,100,147.000,214,302,135.000,1.000,1.000,1.000,1.000
201,2,140.000,4.243,137,143,4.243,1.000,2.236,280.000,143,-2.000,100,280.000,533,302,153.435,1.000,2.000,0.500,1.000
202,1,152.000,0.000,152,152,2.828,1.000,1.414,152.000,152,NaN,100,152.000,220,303,135.000,1.000,1.000,1.000,1.000
203,2,146.500,0.707,146,147,4.828,1.000,2.236,293.000,147,-2.000,100,293.000,223,304,116.565,1.000,2.000,0.500,1.000
204,1,150.000,0.000,150,150,2.828,1.000,1.414,150.000,150,NaN,100,150.000,354,304,135.000,1.000,1.000,1.000,1.000
205,120,124.533,25.166,26,152,61.355,0.401,22.091,14944.000,132,2.740,100,14944.000,424,312,174.806,11.000,2.158,0.463,0.708
206,1,152.000,0.000,152,152,2.828,1.000,1.414,152.000,152,NaN,100,152.000,438,305,135.000,1.000,1.000,1.000,1.000
207,37,108.108,22.386,68,147,24.142,0.798,10.770,4000.000,106,-1.014,100,4000.000,121,306,158.199,5.000,2.265,0.441,0.892
208,7,141.000,12.042,116,151,9.071,1.000,3.606,987.000,143,0.810,100,987.000,193,306,123.690,3.000,1.069,0.936,0.875
209,3,147.667,2.887,146,151,8.485,0.524,4.243,443.000,146,-1.500,100,443.000,412,306,135.000,1.414,4.123,0.243,0.600
210,6,139.833,15.145,110,152,9.071,0.916,3.606,839.000,147,0.738,100,839.000,112,307,123.690,3.000,1.124,0.890,0.800
211,19,124.000,21.807,87,151,16.728,0.853,7.280,2356.000,124,-1.461,100,2356.000,158,311,15.945,4.000,1.921,0.521,0.826
212,1,150.000,0.000,150,150,2.828,1.000,1.414,150.000,150,NaN,100,150.000,502,308,135.000,1.000,1.000,1.000,1.000
213,50,87.720,40.965,11,150,25.556,0.962,9.849,4386.000,81,-1.186,100,4386.000,347,311,156.038,7.000,1.359,0.736,0.917
214,11,130.545,17.807,100,152,11.071,1.000,5.000,1436.000,134,-1.114,100,1436.000,371,309,143.130,3.000,1.372,0.729,0.957
215,16,125.312,20.251,92,151,18.142,0.611,7.616,2005.000,127,-1.136,100,2005.000,64,310,113.199,4.000,1.769,0.565,0.780
216,20,97.800,36.987,16,146,16.728,0.898,6.325,1956.000,108,-0.220,100,1956.000,290,317,71.565,5.000,1.071,0.934,0.833
217,1,151.000,0.000,151,151,2.828,1.000,1.414,151.000,151,NaN,100,151.000,376,311,135.000,1.000,1.000,1.000,1.000
218,8,139.625,12.727,114,152,9.899,1.000,4.123,1117.000,145,-0.009,100,1117.000,411,312,165.964,3.000,1.195,0.837,0.800
219,3,149.667,2.517,147,152,8.485,0.524,3.162,449.000,150,-1.500,100,449.000,88,312,161.565,2.000,1.567,0.638,0.600
220,19,133.526,8.188,113,148,17.314,0.796,6.708,2537.000,134,0.366,100,2537.000,172,313,153.435,5.000,1.460,0.685,0.792
221,13,144.385,7.089,130,152,13.899,0.846,5.831,1877.000,146,-0.283,100,1877.000,226,315,30.964,4.000,1.474,0.679,0.867
222,1,151.000,0.000,151,151,2.828,1.000,1.414,151.000,151,NaN,100,151.000,260,312,135.000,1.000,1.000,1.000,1.000
223,7,143.000,10.198,123,152,9.899,0.898,4.472,1001.000,147,0.097,100,1001.000,364,312,153.435,2.828,1.668,0.600,0.778
224,155,74.039,46.814,1,152,56.770,0.604,22.804,11476.000,71,-1.227,100,11476.000,390,321,15.255,11.840,2.028,0.493,0.803
225,1,150.000,0.000,150,150,2.828,1.000,1.414,150.000,150,NaN,100,150.000,494,312,135.000,1.000,1.000,1.000,1.000
226,1,152.000,0.000,152,152,2.828,1.000,1.414,152.000,152,NaN,100,152.000,92,314,135.000,1.000,1.000,1.000,1.000
227,1,151.000,0.000,151,151,2.828,1.000,1.414,151.000,151,NaN,100,151.000,278,314,135.000,1.000,1.000,1.000,1.000
228,3,145.000,12.124,131,152,5.657,1.000,2.828,435.000,152,-1.500,100,435.000,119,317,45.000,2.000,1.464,0.683,0.857
229,251,125.131,21.434,71,152,91.882,0.374,25.000,31408.000,129,-0.438,100,31408.000,425,325,16.260,18.433,1.298,0.770,0.718
230,1,151.000,0.000,151,151,2.828,1.000,1.414,151.000,151,NaN,100,151.000,427,317,135.000,1.000,1.000,1.000,1.000
231,4,145.750,1.500,144,147,9.899,0.513,4.123,583.000,147,-1.720,100,583.000,378,319,165.964,2.000,2.293,0.436,0.615
232,30,136.900,11.742,112,152,23.556,0.679,8.944,4107.000,139,-0.978,100,4107.000,417,326,63.435,5.918,1.605,0.623,0.750
233,1,152.000,0.000,152,152,2.828,1.000,1.414,152.000,152,NaN,100,152.000,193,319,135.000,1.000,1.000,1.000,1.000
234,24,118.708,22.286,83,151,20.971,0.686,8.246,2849.000,121,-1.219,100,2849.000,481,319,104.036,5.000,1.758,0.569,0.800
235,1,150.000,0.000,150,150,2.828,1.000,1.414,150.000,150,NaN,100,150.000,496,319,135.000,1.000,1.000,1.000,1.000
236,1,148.000,0.000,148,148,2.828,1.000,1.414,148.000,148,NaN,100,148.000,116,320,135.000,1.000,1.000,1.000,1.000
237,69,118.812,19.863,74,152,40.042,0.541,14.318,8198.000,116,-1.018,100,8198.000,172,335,77.905,8.000,1.566,0.639,0.793
238,20,135.250,13.514,102,150,16.728,0.898,7.071,2705.000,139,0.362,100,2705.000,409,322,135.000,4.743,1.547,0.646,0.833
239,5,137.200,9.418,122,147,9.899,0.641,4.243,686.000,139,-0.492,100,686.000,568,322,135.000,2.828,1.553,0.644,0.714
240,2,147.000,5.657,143,151,4.828,1.000,2.236,294.000,151,-2.000,100,294.000,456,324,116.565,1.000,2.000,0.500,1.000
241,23,135.957,12.013,101,151,20.728,0.673,8.944,3127.000,137,1.779,100,3127.000,147,325,116.565,4.315,2.440,0.410,0.793
242,21,135.333,17.281,96,152,22.971,0.500,8.944,2842.000,140,0.471,100,2842.000,393,330,26.565,5.400,2.111,0.474,0.618
243,5,148.600,4.219,142,152,7.071,1.000,3.606,743.000,150,-0.855,100,743.000,529,327,33.690,2.000,1.553,0.644,0.909
244,1,152.000,0.000,152,152,2.828,1.000,1.414,152.000,152,NaN,100,152.000,374,326,135.000,1.000,1.000,1.000,1.000
245,2,151.000,0.000,151,151,4.243,1.000,2.236,302.000,151,NaN,100,302.000,449,326,153.435,1.000,2.000,0.500,1.000
246,1,143.000,0.000,143,143,2.828,1.000,1.414,143.000,143,NaN,100,143.000,524,326,135.000,1.000,1.000,1.000,1.000
247,20,135.750,15.691,93,152,20.971,0.572,8.602,2715.000,143,1.080,100,2715.000,119,327,144.462,5.199,2.156,0.464,0.656
248,6,141.667,5.086,134,147,9.071,0.916,4.472,850.000,142,-1.115,100,850.000,131,327,153.435,2.000,2.082,0.480,0.857
249,37,115.838,22.995,64,152,32.870,0.430,12.649,4286.000,115,-0.425,100,4286.000,179,332,18.435,5.749,3.104,0.322,0.607
250,27,107.296,29.014,46,149,18.728,0.967,7.211,2897.000,112,-0.636,100,2897.000,158,333,33.690,6.000,1.231,0.812,0.871
251,5,142.600,4.037,139,147,7.657,1.000,3.606,713.000,140,-1.813,100,713.000,381,328,123.690,2.000,1.553,0.644,0.909
252,5,142.000,10.100,125,152,8.485,0.873,3.162,710.000,145,-0.186,100,710.000,548,328,108.435,2.828,1.000,1.000,0.714
253,4,136.750,12.553,119,147,7.071,1.000,3.162,547.000,144,-0.976,100,547.000,142,330,161.565,2.000,1.468,0.681,0.800
254,11,145.091,7.880,131,152,11.899,0.976,5.000,1596.000,150,-1.068,100,1596.000,450,333,53.130,4.000,1.147,0.871,0.815
255,3,140.667,10.116,129,147,8.485,0.524,3.162,422.000,146,-1.500,100,422.000,60,332,108.435,2.000,1.567,0.638,0.600
256,1,151.000,0.000,151,151,2.828,1.000,1.414,151.000,151,NaN,100,151.000,166,332,135.000,1.000,1.000,1.000,1.000
257,1,147.000,0.000,147,147,2.828,1.000,1.414,147.000,147,NaN,100,147.000,532,332,135.000,1.000,1.000,1.000,1.000
258,5,146.200,8.843,131,152,7.657,1.000,3.606,731.000,150,-0.146,100,731.000,397,334,123.690,2.000,1.553,0.644,0.909
259,9,140.778,8.182,128,152,12.485,0.726,5.385,1267.000,140,-1.016,100,1267.000,110,336,158.199,3.000,1.765,0.567,0.750
260,2,143.500,6.364,139,148,5.657,0.785,2.828,287.000,148,-2.000,100,287.000,271,338,45.000,1.414,2.646,0.378,0.667
261,11,127.545,16.330,85,146,11.899,0.976,4.472,1403.000,131,2.342,100,1403.000,43,337,116.565,4.000,1.035,0.966,0.846
262,6,129.500,13.172,116,152,8.485,1.000,3.606,777.000,128,-0.594,100,777.000,88,339,33.690,2.828,1.291,0.775,0.800
263,4,143.750,8.958,131,152,8.485,0.698,3.606,575.000,146,-0.853,100,575.000,636,337,146.310,2.000,1.637,0.611,0.727
264,1,151.000,0.000,151,151,2.828,1.000,1.414,151.000,151,NaN,100,151.000,64,338,135.000,1.000,1.000,1.000,1.000
265,1,138.000,0.000,138,138,2.828,1.000,1.414,138.000,138,NaN,100,138.000,108,338,135.000,1.000,1.000,1.000,1.000
266,4,140.750,8.732,130,151,8.485,0.698,3.606,563.000,143,-1.133,100,563.000,369,340,33.690,2.000,1.637,0.611,0.727
267,3,137.000,11.358,124,145,5.657,1.000,2.828,411.000,142,-1.500,100,411.000,152,341,45.000,2.000,1.464,0.683,0.857
268,8,132.250,11.585,114,147,9.657,1.000,4.472,1058.000,138,-1.263,100,1058.000,546,339,153.435,2.000,2.000,0.500,1.000
269,1,146.000,0.000,146,146,2.828,1.000,1.414,146.000,146,NaN,100,146.000,64,340,135.000,1.000,1.000,1.000,1.000
270,1,152.000,0.000,152,152,2.828,1.000,1.414,152.000,152,NaN,100,152.000,142,340,135.000,1.000,1.000,1.000,1.000
271,42,98.881,41.153,4,152,26.627,0.744,10.198,4153.000,106,-0.496,100,4153.000,335,346,11.310,6.791,1.698,0.589,0.778
272,4,136.250,9.359,127,147,7.071,1.000,3.162,545.000,141,-1.684,100,545.000,368,344,161.565,2.000,1.468,0.681,0.800
273,36,130.306,20.962,82,152,27.799,0.585,11.180,4691.000,136,0.027,100,4691.000,383,347,10.305,5.494,2.303,0.434,0.742
274,14,140.143,11.148,119,151,13.899,0.911,6.325,1962.000,145,-0.934,100,1962.000,462,346,18.435,3.000,1.950,0.513,0.875
275,1,146.000,0.000,146,146,2.828,1.000,1.414,146.000,146,NaN,100,146.000,60,346,135.000,1.000,1.000,1.000,1.000
276,10,143.100,6.262,129,151,13.314,0.709,5.099,1431.000,144,0.717,100,1431.000,568,346,101.310,3.795,1.421,0.704,0.714
277,2,145.000,9.899,138,152,5.657,0.785,2.828,290.000,152,-2.000,100,290.000,119,347,135.000,1.414,2.646,0.378,0.667
278,6,134.500,9.566,123,149,9.071,0.916,4.123,807.000,137,-1.053,100,807.000,53,348,165.964,2.000,1.809,0.553,0.857
279,6,133.333,10.671,120,147,9.071,0.916,4.243,800.000,137,-1.318,100,800.000,356,351,45.000,2.828,1.593,0.628,0.857
280,26,131.115,16.061,90,152,21.799,0.688,7.616,3409.000,135,0.235,100,3409.000,454,355,66.801,5.657,1.158,0.863,0.800
281,1,143.000,0.000,143,143,2.828,1.000,1.414,143.000,143,NaN,100,143.000,494,348,135.000,1.000,1.000,1.000,1.000
282,13,144.077,6.982,126,150,14.728,0.753,6.083,1873.000,146,1.611,100,1873.000,501,352,170.538,3.795,1.714,0.584,0.743
283,2,150.500,0.707,150,151,4.243,1.000,2.236,301.000,151,-2.000,100,301.000,412,351,153.435,1.000,2.000,0.500,1.000
284,25,123.080,23.841,78,152,18.728,0.896,8.062,3077.000,125,-1.155,100,3077.000,538,356,29.745,5.000,1.523,0.657,0.877
285,4,145.750,6.397,137,151,7.657,0.857,3.162,583.000,150,-1.155,100,583.000,324,352,108.435,2.000,1.468,0.681,0.800
286,22,116.727,28.280,57,152,16.142,1.000,6.708,2568.000,120,-0.685,100,2568.000,486,353,153.435,4.950,1.361,0.735,0.880
287,85,77.624,46.448,5,151,38.284,0.729,15.620,6598.000,82,-1.420,100,6598.000,397,353,129.806,8.485,2.005,0.499,0.806
288,6,140.667,9.750,124,152,8.485,1.000,4.243,844.000,143,-0.457,100,844.000,570,353,135.000,2.683,1.809,0.553,0.800
289,1,146.000,0.000,146,146,2.828,1.000,1.414,146.000,146,NaN,100,146.000,38,354,135.000,1.000,1.000,1.000,1.000
290,250,82.640,38.672,9,152,65.012,0.743,23.409,20660.000,77,-1.203,100,20660.000,145,376,70.017,16.898,1.318,0.759,0.874
291,11,139.545,10.577,118,151,11.071,1.000,5.000,1535.000,142,-0.539,100,1535.000,562,354,143.130,3.000,1.372,0.729,0.957
292,4,143.250,3.594,138,146,7.657,0.857,3.162,573.000,145,-0.798,100,573.000,238,356,108.435,2.000,1.468,0.681,0.800
293,1,152.000,0.000,152,152,2.828,1.000,1.414,152.000,152,NaN,100,152.000,436,356,135.000,1.000,1.000,1.000,1.000
294,15,122.800,20.871,81,152,13.899,0.976,5.831,1842.000,132,-0.831,100,1842.000,571,360,30.964,4.000,1.187,0.843,0.857
295,1,145.000,0.000,145,145,2.828,1.000,1.414,145.000,145,NaN,100,145.000,24,358,135.000,1.000,1.000,1.000,1.000
296,1,150.000,0.000,150,150,2.828,1.000,1.414,150.000,150,NaN,100,150.000,26,358,135.000,1.000,1.000,1.000,1.000
297,14,134.429,15.897,102,152,13.314,0.993,5.831,1882.000,139,-0.036,100,1882.000,378,358,149.036,4.000,1.500,0.667,0.824
298,1,150.000,0.000,150,150,2.828,1.000,1.414,150.000,150,NaN,100,150.000,434,358,135.000,1.000,1.000,1.000,1.000
299,1,147.000,0.000,147,147,2.828,1.000,1.414,147.000,147,NaN,100,147.000,328,360,135.000,1.000,1.000,1.000,1.000
300,18,137.167,11.613,118,152,17.556,0.734,7.616,2469.000,141,-1.218,100,2469.000,462,363,156.801,4.025,2.213,0.452,0.720
301,5,149.600,3.715,143,152,9.657,0.674,4.472,748.000,151,0.187,100,748.000,1,363,116.565,2.000,2.749,0.364,0.769
302,2,144.500,4.950,141,148,4.828,1.000,2.236,289.000,148,-2.000,100,289.000,412,363,116.565,1.000,2.000,0.500,1.000
303,3,147.000,3.606,144,151,5.657,1.000,2.828,441.000,146,-1.500,100,441.000,488,367,45.000,2.000,1.464,0.683,0.857
304,1,152.000,0.000,152,152,2.828,1.000,1.414,152.000,152,NaN,100,152.000,503,365,135.000,1.000,1.000,1.000,1.000
305,26,119.346,21.799,68,152,21.556,0.703,9.220,3103.000,120,-0.182,100,3103.000,108,367,167.471,4.743,2.363,0.423,0.765
306,1,142.000,0.000,142,142,2.828,1.000,1.414,142.000,142,NaN,100,142.000,552,366,135.000,1.000,1.000,1.000,1.000
307,1,151.000,0.000,151,151,2.828,1.000,1.414,151.000,151,NaN,100,151.000,327,367,135.000,1.000,1.000,1.000,1.000
308,21,130.762,19.829,90,152,16.728,0.943,7.211,2746.000,138,-0.949,100,2746.000,555,367,146.310,4.427,1.714,0.583,0.840
309,14,131.214,15.582,104,152,13.314,0.993,5.831,1837.000,134,-0.720,100,1837.000,589,371,30.964,4.000,1.460,0.685,0.848
310,1,146.000,0.000,146,146,2.828,1.000,1.414,146.000,146,NaN,100,146.000,44,368,135.000,1.000,1.000,1.000,1.000
311,22,138.136,11.536,113,152,21.314,0.609,8.544,3039.000,140,-0.703,100,3039.000,498,376,69.444,5.000,1.794,0.557,0.746
312,1,147.000,0.000,147,147,2.828,1.000,1.414,147.000,147,NaN,100,147.000,514,368,135.000,1.000,1.000,1.000,1.000
313,1,142.000,0.000,142,142,2.828,1.000,1.414,142.000,142,NaN,100,142.000,598,368,135.000,1.000,1.000,1.000,1.000
314,3,148.000,2.646,146,151,8.485,0.524,3.162,444.000,147,-1.500,100,444.000,548,372,161.565,2.000,1.567,0.638,0.600
315,2,145.000,2.828,143,147,4.828,1.000,2.236,290.000,147,-2.000,100,290.000,113,372,116.565,1.000,2.000,0.500,1.000
316,4,136.750,9.430,128,148,7.071,1.000,3.162,547.000,141,-1.635,100,547.000,166,374,161.565,2.000,1.468,0.681,0.800
317,12,134.083,13.813,108,151,11.899,1.000,5.000,1609.000,136,-0.882,100,1609.000,255,376,36.870,4.000,1.281,0.780,0.857
318,10,142.100,13.609,106,152,10.485,1.000,5.000,1421.000,146,3.211,100,1421.000,428,376,36.870,3.000,1.551,0.645,0.909
319,8,139.750,9.603,129,151,11.071,0.820,5.099,1118.000,145,-1.810,100,1118.000,326,374,168.690,2.000,2.232,0.448,0.889
320,1,151.000,0.000,151,151,2.828,1.000,1.414,151.000,151,NaN,100,151.000,488,374,135.000,1.000,1.000,1.000,1.000
321,1,152.000,0.000,152,152,2.828,1.000,1.414,152.000,152,NaN,100,152.000,524,374,135.000,1.000,1.000,1.000,1.000
322,5,141.200,7.759,130,149,7.657,1.000,3.606,706.000,143,-1.199,100,706.000,532,374,146.310,2.000,1.553,0.644,0.909
323,20,132.200,14.435,98,150,19.314,0.674,8.544,2644.000,134,-0.207,100,2644.000,446,375,159.444,3.000,2.716,0.368,0.889
324,13,135.000,10.408,109,150,15.556,0.675,5.831,1755.000,138,1.109,100,1755.000,332,381,30.964,4.243,1.305,0.766,0.722
325,3,147.333,6.351,140,151,8.485,0.524,4.243,442.000,151,-1.500,100,442.000,414,379,45.000,1.414,4.123,0.243,0.600
326,22,138.455,11.048,113,152,18.142,0.840,7.211,3046.000,140,-0.286,100,3046.000,72,383,56.310,5.657,1.214,0.824,0.786
327,17,110.353,21.201,69,151,14.728,0.985,6.708,1876.000,110,0.052,100,1876.000,312,377,153.435,4.000,1.686,0.593,0.872
328,1,138.000,0.000,138,138,2.828,1.000,1.414,138.000,138,NaN,100,138.000,62,378,135.000,1.000,1.000,1.000,1.000
329,8,144.750,8.648,126,152,10.485,0.914,4.472,1158.000,148,0.797,100,1158.000,461,379,116.565,3.000,1.554,0.644,0.800
330,1,152.000,0.000,152,152,2.828,1.000,1.414,152.000,152,NaN,100,152.000,581,379,135.000,1.000,1.000,1.000,1.000
331,3,149.333,2.887,146,151,5.657,1.000,2.828,448.000,151,-1.500,100,448.000,444,383,45.000,2.000,1.464,0.683,0.857
332,2,142.500,12.021,134,151,4.243,1.000,2.236,285.000,151,-2.000,100,285.000,22,382,153.435,1.000,2.000,0.500,1.000
333,2,143.000,5.657,139,147,5.657,0.785,2.828,286.000,147,-2.000,100,286.000,242,382,135.000,1.414,2.646,0.378,0.667
334,44,105.705,29.356,52,151,24.971,0.887,9.487,4651.000,107,-1.144,100,4651.000,556,382,108.435,6.864,1.482,0.675,0.854
335,2,151.500,0.707,151,152,5.657,0.785,2.828,303.000,152,-2.000,100,303.000,175,386,45.000,1.414,2.646,0.378,0.667
336,8,132.250,10.846,118,147,10.485,0.914,5.000,1058.000,134,-1.285,100,1058.000,212,387,36.870,2.828,1.939,0.516,0.842
337,1,148.000,0.000,148,148,2.828,1.000,1.414,148.000,148,NaN,100,148.000,306,384,135.000,1.000,1.000,1.000,1.000
338,15,125.400,17.162,97,148,14.728,0.869,5.385,1881.000,126,-1.509,100,1881.000,90,387,111.801,4.472,1.184,0.845,0.789
339,6,139.667,10.250,122,152,8.485,1.000,4.243,838.000,142,-0.350,100,838.000,462,390,45.000,2.828,1.612,0.620,0.750
340,1,152.000,0.000,152,152,2.828,1.000,1.414,152.000,152,NaN,100,152.000,212,388,135.000,1.000,1.000,1.000,1.000
341,18,116.944,27.076,45,151,14.485,1.000,5.831,2105.000,118,0.775,100,2105.000,230,388,149.036,4.000,1.248,0.801,0.947
342,5,138.000,10.368,127,151,8.485,0.873,3.162,690.000,140,-1.526,100,690.000,370,388,108.435,2.828,1.000,1.000,0.714
343,2,146.500,0.707,146,147,5.657,0.785,2.828,293.000,147,-2.000,100,293.000,471,389,135.000,1.414,2.646,0.378,0.667
344,25,141.480,10.042,106,152,24.385,0.528,10.630,3537.000,144,4.362,100,3537.000,439,397,41.186,4.950,2.634,0.380,0.641
345,9,130.111,10.576,113,141,9.657,1.000,4.243,1171.000,135,-1.213,100,1171.000,522,390,135.000,3.000,1.000,1.000,1.000
346,1,152.000,0.000,152,152,2.828,1.000,1.414,152.000,152,NaN,100,152.000,532,390,135.000,1.000,1.000,1.000,1.000
347,1,143.000,0.000,143,143,2.828,1.000,1.414,143.000,143,NaN,100,143.000,534,390,135.000,1.000,1.000,1.000,1.000
348,14,127.000,20.222,82,152,13.899,0.911,5.831,1778.000,129,0.529,100,1778.000,224,397,59.036,4.000,1.312,0.762,0.848
349,1,139.000,0.000,139,139,2.828,1.000,1.414,139.000,139,NaN,100,139.000,132,394,135.000,1.000,1.000,1.000,1.000
350,3,148.333,4.726,143,152,6.243,0.967,3.162,445.000,150,-1.500,100,445.000,460,394,161.565,1.000,3.000,0.333,1.000
351,2,144.500,2.121,143,146,5.657,0.785,2.828,289.000,146,-2.000,100,289.000,481,395,135.000,1.414,2.646,0.378,0.667
352,7,138.286,11.191,121,151,9.899,0.898,5.000,968.000,140,-1.171,100,968.000,83,396,143.130,2.828,2.041,0.490,0.778
353,1,151.000,0.000,151,151,2.828,1.000,1.414,151.000,151,NaN,100,151.000,450,396,135.000,1.000,1.000,1.000,1.000
354,1,146.000,0.000,146,146,2.828,1.000,1.414,146.000,146,NaN,100,146.000,488,396,135.000,1.000,1.000,1.000,1.000
355,1,147.000,0.000,147,147,2.828,1.000,1.414,147.000,147,NaN,100,147.000,494,396,135.000,1.000,1.000,1.000,1.000
356,7,141.429,9.676,122,151,9.071,1.000,4.243,990.000,144,0.413,100,990.000,345,400,45.000,3.000,1.380,0.725,0.875
357,23,137.522,11.785,100,152,21.556,0.622,7.211,3163.000,142,2.555,100,3163.000,543,397,146.310,6.000,1.176,0.850,0.767
358,7,139.000,11.030,122,151,11.899,0.621,5.000,973.000,144,-1.083,100,973.000,220,401,36.870,3.000,1.646,0.608,0.737
359,2,151.500,0.707,151,152,4.828,1.000,2.236,303.000,152,-2.000,100,303.000,439,398,116.565,1.000,2.000,0.500,1.000
360,2,150.000,2.828,148,152,4.828,1.000,2.236,300.000,152,-2.000,100,300.000,484,398,116.565,1.000,2.000,0.500,1.000
361,4,142.250,9.287,129,150,5.657,1.000,2.828,569.000,147,-0.913,100,569.000,277,400,135.000,2.000,1.000,1.000,1.000
362,48,100.667,35.142,15,152,28.385,0.749,10.770,4832.000,105,-0.665,100,4832.000,432,400,111.801,7.000,1.543,0.648,0.857
363,29,127.586,18.854,72,152,23.556,0.657,10.000,3700.000,129,1.498,100,3700.000,443,401,143.130,5.060,2.196,0.455,0.763
364,11,144.636,5.259,132,151,17.314,0.461,8.062,1591.000,145,1.177,100,1591.000,303,402,119.745,2.785,4.043,0.247,0.629
365,4,142.500,6.455,137,151,7.071,1.000,3.162,570.000,144,-1.323,100,570.000,464,402,161.565,2.000,1.468,0.681,0.800
366,16,143.500,9.077,125,152,18.971,0.559,7.211,2296.000,149,-0.928,100,2296.000,492,402,146.310,4.919,1.518,0.659,0.667
367,9,124.778,16.784,103,152,11.657,0.832,5.385,1123.000,118,-0.890,100,1123.000,334,405,21.801,2.000,2.386,0.419,0.947
368,8,127.875,21.067,97,152,11.899,0.710,5.000,1023.000,129,-1.402,100,1023.000,618,407,36.870,3.328,1.562,0.640,0.696
369,1,151.000,0.000,151,151,2.828,1.000,1.414,151.000,151,NaN,100,151.000,198,404,135.000,1.000,1.000,1.000,1.000
370,1,148.000,0.000,148,148,2.828,1.000,1.414,148.000,148,NaN,100,148.000,6,406,135.000,1.000,1.000,1.000,1.000
371,4,140.500,12.069,123,149,5.657,1.000,2.828,562.000,148,-0.860,100,562.000,155,406,135.000,2.000,1.000,1.000,1.000
372,3,143.333,5.508,137,147,8.485,0.524,3.162,430.000,146,-1.500,100,430.000,484,406,108.435,2.000,1.567,0.638,0.600
373,34,124.206,18.619,92,152,25.314,0.667,10.440,4223.000,127,-1.247,100,4223.000,605,406,106.699,5.000,2.364,0.423,0.829
374,5,141.600,7.635,130,150,7.071,1.000,3.606,708.000,143,-0.838,100,708.000,197,409,33.690,2.000,1.553,0.644,0.909
375,15,127.867,16.852,86,146,13.899,0.976,5.831,1918.000,134,0.907,100,1918.000,450,413,59.036,4.000,1.392,0.718,0.882
376,41,135.707,15.027,79,152,32.627,0.484,12.369,5564.000,139,3.399,100,5564.000,494,409,104.036,6.000,2.560,0.391,0.672
377,12,143.667,6.213,133,151,15.556,0.623,5.385,1724.000,146,-1.028,100,1724.000,345,412,158.199,4.715,1.033,0.968,0.667
378,6,138.833,10.591,121,152,9.657,0.809,4.472,833.000,144,-0.468,100,833.000,555,410,153.435,2.000,2.237,0.447,0.857
379,3,148.000,5.196,142,151,5.657,1.000,2.828,444.000,151,-1.500,100,444.000,491,411,135.000,2.000,1.464,0.683,0.857
380,2,148.000,0.000,148,148,5.657,0.785,2.828,296.000,148,NaN,100,296.000,71,414,45.000,1.414,2.646,0.378,0.667
381,71,106.479,37.431,17,152,49.941,0.358,19.647,7560.000,110,-0.697,100,7560.000,169,420,14.744,7.830,3.348,0.299,0.623
382,1,141.000,0.000,141,141,2.828,1.000,1.414,141.000,141,NaN,100,141.000,338,412,135.000,1.000,1.000,1.000,1.000
383,68,109.632,26.580,44,152,32.627,0.803,11.705,7455.000,108,-0.710,100,7455.000,526,415,160.017,9.839,1.175,0.851,0.834
384,1,145.000,0.000,145,145,2.828,1.000,1.414,145.000,145,NaN,100,145.000,506,414,135.000,1.000,1.000,1.000,1.000
385,11,129.000,17.527,93,151,13.314,0.780,5.000,1419.000,132,-0.323,100,1419.000,567,418,36.870,4.000,1.201,0.833,0.786
386,19,132.737,17.508,103,152,22.627,0.466,8.944,2522.000,137,-1.436,100,2522.000,141,415,116.565,4.919,2.100,0.476,0.603
387,2,149.000,1.414,148,150,5.657,0.785,2.828,298.000,150,-2.000,100,298.000,575,418,45.000,1.414,2.646,0.378,0.667
388,14,114.929,32.035,52,151,15.314,0.750,6.325,1609.000,126,-0.825,100,1609.000,194,423,71.565,3.883,1.784,0.560,0.778
389,1,152.000,0.000,152,152,2.828,1.000,1.414,152.000,152,NaN,100,152.000,275,417,135.000,1.000,1.000,1.000,1.000
390,1,144.000,0.000,144,144,2.828,1.000,1.414,144.000,144,NaN,100,144.000,228,418,135.000,1.000,1.000,1.000,1.000
391,4,137.000,14.855,117,152,7.071,1.000,3.162,548.000,143,-1.066,100,548.000,288,418,161.565,2.000,1.468,0.681,0.800
392,27,116.370,24.498,74,152,21.556,0.730,9.434,3142.000,109,-1.139,100,3142.000,440,418,122.005,5.270,2.030,0.493,0.794
393,2,147.000,4.243,144,150,4.243,1.000,2.236,294.000,150,-2.000,100,294.000,436,420,153.435,1.000,2.000,0.500,1.000
394,1,142.000,0.000,142,142,2.828,1.000,1.414,142.000,142,NaN,100,142.000,526,420,135.000,1.000,1.000,1.000,1.000
395,3,145.333,2.082,143,147,8.485,0.524,3.162,436.000,146,-1.500,100,436.000,564,420,161.565,2.000,1.567,0.638,0.600
396,2,145.000,4.243,142,148,5.657,0.785,2.828,290.000,148,-2.000,100,290.000,509,424,45.000,1.414,2.646,0.378,0.667
397,7,143.571,9.727,125,152,9.071,1.000,4.472,1005.000,146,-0.138,100,1005.000,1,426,26.565,2.000,1.936,0.517,0.933
398,3,144.333,6.110,139,151,7.071,0.754,3.606,433.000,143,-1.500,100,433.000,186,426,33.690,1.789,2.702,0.370,0.667
399,31,128.000,20.455,79,152,20.971,0.886,8.602,3968.000,133,0.215,100,3968.000,370,425,125.538,5.657,1.520,0.658,0.849
400,10,140.500,10.113,118,150,13.314,0.709,5.385,1405.000,145,0.461,100,1405.000,210,426,111.801,3.536,1.624,0.616,0.714
401,3,144.000,6.245,139,151,8.485,0.524,3.162,432.000,142,-1.500,100,432.000,452,426,108.435,2.000,1.567,0.638,0.600
402,1,151.000,0.000,151,151,2.828,1.000,1.414,151.000,151,NaN,100,151.000,464,426,135.000,1.000,1.000,1.000,1.000
403,3,139.667,8.737,130,147,6.243,0.967,3.162,419.000,142,-1.500,100,419.000,502,426,161.565,1.000,3.000,0.333,1.000
404,12,125.500,25.858,70,152,13.314,0.851,5.000,1506.000,139,-0.362,100,1506.000,364,427,126.870,4.000,1.148,0.871,0.828
405,1,148.000,0.000,148,148,2.828,1.000,1.414,148.000,148,NaN,100,148.000,32,428,135.000,1.000,1.000,1.000,1.000
406,83,96.410,32.169,13,152,49.598,0.424,17.493,8002.000,97,-0.704,100,8002.000,88,428,120.964,9.839,1.662,0.602,0.661
407,5,143.800,4.764,136,148,10.243,0.599,5.099,719.000,145,-0.501,100,719.000,408,428,168.690,1.000,5.000,0.200,1.000
408,4,150.000,2.160,147,152,7.657,0.857,3.162,600.000,151,-1.000,100,600.000,438,428,108.435,2.000,1.468,0.681,0.800
409,4,149.250,4.272,143,152,5.657,1.000,2.828,597.000,152,-0.811,100,597.000,195,429,135.000,2.000,1.000,1.000,1.000
410,60,111.000,25.617,50,152,29.799,0.849,11.662,6660.000,109,-0.853,100,6660.000,487,438,30.964,8.485,1.322,0.756,0.876
411,5,140.400,10.139,125,151,7.071,1.000,3.606,702.000,145,-0.926,100,702.000,106,432,33.690,2.000,1.553,0.644,0.909
412,39,104.692,26.073,56,151,23.314,0.902,9.849,4083.000,110,-0.876,100,4083.000,426,430,113.962,5.000,1.718,0.582,0.940
413,2,145.500,7.778,140,151,4.828,1.000,2.236,291.000,151,-2.000,100,291.000,566,430,116.565,1.000,2.000,0.500,1.000
414,7,144.714,6.047,136,152,12.485,0.564,5.831,1013.000,145,-1.345,100,1013.000,461,431,120.964,2.530,2.821,0.354,0.700
415,4,141.750,8.995,129,149,7.071,1.000,3.162,567.000,147,-0.967,100,567.000,134,432,161.565,2.000,1.468,0.681,0.800
416,1,143.000,0.000,143,143,2.828,1.000,1.414,143.000,143,NaN,100,143.000,196,432,135.000,1.000,1.000,1.000,1.000
417,1,152.000,0.000,152,152,2.828,1.000,1.414,152.000,152,NaN,100,152.000,369,432,135.000,1.000,1.000,1.000,1.000
418,3,147.333,7.234,139,152,8.485,0.524,4.243,442.000,151,-1.500,100,442.000,500,435,45.000,1.414,4.123,0.243,0.600
419,3,144.667,7.767,136,151,8.485,0.524,4.243,434.000,147,-1.500,100,434.000,586,432,135.000,1.414,4.123,0.243,0.600
420,7,139.429,12.621,117,152,9.071,1.000,4.472,976.000,142,-0.679,100,976.000,568,433,153.435,2.000,1.936,0.517,0.933
421,4,143.000,6.055,137,151,7.071,1.000,3.162,572.000,144,-1.190,100,572.000,7,435,161.565,2.000,1.468,0.681,0.800
422,1,139.000,0.000,139,139,2.828,1.000,1.414,139.000,139,NaN,100,139.000,592,434,135.000,1.000,1.000,1.000,1.000
423,12,130.250,14.473,106,151,13.314,0.851,5.831,1563.000,132,-1.174,100,1563.000,131,437,149.036,3.536,1.897,0.527,0.800
424,1,142.000,0.000,142,142,2.828,1.000,1.414,142.000,142,NaN,100,142.000,442,436,135.000,1.000,1.000,1.000,1.000
425,2,146.000,8.485,140,152,4.243,1.000,2.236,292.000,152,-2.000,100,292.000,537,436,153.435,1.000,2.000,0.500,1.000
426,1,141.000,0.000,141,141,2.828,1.000,1.414,141.000,141,NaN,100,141.000,592,436,135.000,1.000,1.000,1.000,1.000
427,1,151.000,0.000,151,151,2.828,1.000,1.414,151.000,151,NaN,100,151.000,213,437,135.000,1.000,1.000,1.000,1.000
428,5,146.400,4.336,141,151,8.485,0.873,4.243,732.000,147,-1.586,100,732.000,368,441,45.000,2.683,1.882,0.531,0.714
429,28,128.464,17.775,86,152,19.556,0.920,7.280,3597.000,127,-0.528,100,3597.000,213,446,74.055,6.000,1.052,0.951,0.836
430,5,125.000,7.036,116,133,7.657,1.000,3.606,625.000,124,-1.443,100,625.000,8,443,33.690,2.000,1.553,0.644,0.909
431,1,144.000,0.000,144,144,2.828,1.000,1.414,144.000,144,NaN,100,144.000,208,442,135.000,1.000,1.000,1.000,1.000
432,4,145.250,2.500,142,148,8.485,0.698,3.162,581.000,146,-1.076,100,581.000,37,443,108.435,2.828,1.000,1.000,0.571
433,7,143.571,5.968,134,152,12.485,0.564,5.099,1005.000,145,-0.765,100,1005.000,14,444,101.310,2.000,2.243,0.446,0.778
434,4,143.750,9.215,131,151,8.485,0.698,4.243,575.000,150,-1.107,100,575.000,6,449,45.000,2.121,2.654,0.377,0.667
435,4,133.500,11.705,119,147,7.657,0.857,3.162,534.000,137,-1.162,100,534.000,584,446,108.435,2.000,1.468,0.681,0.800
436,5,126.600,13.353,113,144,8.485,0.873,3.162,633.000,125,-1.508,100,633.000,285,447,108.435,2.828,1.000,1.000,0.714
437,1,151.000,0.000,151,151,2.828,1.000,1.414,151.000,151,NaN,100,151.000,534,448,135.000,1.000,1.000,1.000,1.000
438,1,147.000,0.000,147,147,2.828,1.000,1.414,147.000,147,NaN,100,147.000,18,450,135.000,1.000,1.000,1.000,1.000
439,12,123.583,21.585,94,150,13.314,0.851,5.385,1483.000,132,-1.634,100,1483.000,81,450,111.801,4.000,1.224,0.817,0.750
440,17,136.059,14.855,108,152,18.971,0.594,6.708,2313.000,137,-1.205,100,2313.000,196,458,63.435,4.950,1.310,0.763,0.723
441,28,104.357,26.054,44,146,18.142,1.000,7.211,2922.000,112,-0.440,100,2922.000,256,457,33.690,5.657,1.263,0.792,0.903
442,2,143.000,9.899,136,150,5.657,0.785,2.828,286.000,150,-2.000,100,286.000,629,454,45.000,1.414,2.646,0.378,0.667
443,1,151.000,0.000,151,151,2.828,1.000,1.414,151.000,151,NaN,100,151.000,564,456,135.000,1.000,1.000,1.000,1.000
444,9,130.111,16.541,99,152,11.071,0.923,4.472,1171.000,133,-0.592,100,1171.000,37,457,116.565,3.000,1.343,0.745,0.857
445,3,137.333,22.855,111,152,7.071,0.754,3.606,412.000,149,-1.500,100,412.000,323,460,33.690,1.789,2.702,0.370,0.667
446,11,129.091,13.896,106,149,13.314,0.780,5.099,1420.000,133,-0.906,100,1420.000,502,460,168.690,4.000,1.229,0.814,0.733
447,14,124.714,19.072,92,152,13.899,0.911,6.403,1746.000,133,-1.036,100,1746.000,1,460,128.660,4.000,1.640,0.610,0.848
448,7,143.714,5.024,135,148,10.485,0.800,4.243,1006.000,146,-0.839,100,1006.000,500,462,135.000,3.000,1.247,0.802,0.824
449,37,127.892,15.788,93,152,23.556,0.838,10.198,4732.000,129,-0.857,100,4732.000,347,465,168.690,5.000,1.798,0.556,0.892
450,4,149.500,4.359,143,152,7.071,1.000,3.606,598.000,152,-0.700,100,598.000,13,466,146.310,2.000,2.031,0.492,0.800
451,8,144.500,7.464,131,152,11.071,0.820,4.243,1156.000,150,-0.846,100,1156.000,384,466,135.000,3.000,1.097,0.912,0.889
452,15,130.733,17.454,91,152,13.314,1.000,5.831,1961.000,138,0.577,100,1961.000,594,466,149.036,4.000,1.392,0.718,0.882
453,2,133.500,12.021,125,142,5.657,0.785,2.828,267.000,142,-2.000,100,267.000,69,467,135.000,1.414,2.646,0.378,0.667
454,25,124.720,17.133,85,152,17.556,1.000,6.708,3118.000,124,-0.486,100,3118.000,358,473,63.435,5.657,1.126,0.888,0.862
455,14,130.857,14.826,99,148,13.071,1.000,5.657,1832.000,136,-0.373,100,1832.000,376,467,135.000,4.000,1.239,0.807,0.933
456,47,114.809,26.244,40,151,33.799,0.517,13.454,5396.000,114,-0.114,100,5396.000,498,477,48.013,7.155,2.049,0.488,0.734
457,41,124.829,17.091,72,152,30.385,0.558,11.402,5118.000,123,0.947,100,5118.000,246,477,52.125,6.656,1.941,0.515,0.774
458,1,152.000,0.000,152,152,2.828,1.000,1.414,152.000,152,NaN,100,152.000,366,468,135.000,1.000,1.000,1.000,1.000
459,2,149.000,4.243,146,152,5.657,0.785,2.828,298.000,152,-2.000,100,298.000,459,469,135.000,1.414,2.646,0.378,0.667
460,27,125.704,17.978,88,151,21.556,0.730,9.220,3394.000,132,-0.950,100,3394.000,38,470,139.399,4.919,1.931,0.518,0.794
461,6,141.500,7.868,128,150,7.657,1.000,3.606,849.000,145,-0.531,100,849.000,341,470,146.310,2.000,1.500,0.667,1.000
462,10,142.700,4.473,136,151,11.899,0.887,5.385,1427.000,144,-0.636,100,1427.000,352,472,158.199,3.000,1.690,0.592,0.833
463,9,140.333,8.818,127,151,11.899,0.799,5.831,1263.000,145,-1.332,100,1263.000,490,472,149.036,3.000,2.134,0.469,0.783
464,1,147.000,0.000,147,147,2.828,1.000,1.414,147.000,147,NaN,100,147.000,183,473,135.000,1.000,1.000,1.000,1.000
465,2,140.500,9.192,134,147,5.657,0.785,2.828,281.000,147,-2.000,100,281.000,522,475,45.000,1.414,2.646,0.378,0.667
466,1,148.000,0.000,148,148,2.828,1.000,1.414,148.000,148,NaN,100,148.000,2,474,135.000,1.000,1.000,1.000,1.000
467,7,121.143,23.653,84,147,9.071,1.000,3.606,848.000,125,-1.106,100,848.000,470,474,123.690,3.000,1.069,0.936,0.875
468,8,143.000,10.447,120,151,12.485,0.645,5.831,1144.000,148,0.980,100,1144.000,592,477,30.964,3.000,2.393,0.418,0.727
469,6,133.333,20.106,99,152,11.071,0.615,5.099,800.000,146,-0.647,100,800.000,344,476,168.690,2.000,3.003,0.333,0.750
