 ,Area,Mean,StdDev,Min,Max,Perim.,Circ.,Feret,IntDen,Median,Kurt,%Area,RawIntDen,FeretX,FeretY,FeretAngle,MinFeret,AR,Round,Solidity
1,4.0,132.500,7.141,125,142,8.243,0.740,4.123,530,133,-48692.368,0,530,310,0,165.964,1.000,4.000,0.250,1.000
2,4,137.250,0.957,136,138,9.657,0.539,4.472,549,138,801.112,0,549,221,11,63.435,1.789,3.493,0.286,0.667
3,4,134.500,7.594,125,142,11.314,0.393,5.657,538,139,202.017,0,538,417,9,135.000,1.414,5.568,0.180,0.571
4,6,130.333,6.408,120,137,12.728,0.465,4.472,782,132,-10399.270,0,782,242,16,153.435,3.000,1.565,0.639,0.600
5,4,135.250,4.992,128,139,8.485,0.698,3.606,541,138,-0.830,0,541,31,22,56.310,2.000,1.637,0.611,0.727
6,1,139.000,0.000,139,139,2.828,1.000,1.414,139,139,-421.008,0,139,617,25,135.000,1.000,1.000,1.000,1.000
7,1,137.000,0.000,137,137,2.828,1.000,1.414,137,137,NaN,0,137,583,31,135.000,1.000,1.000,1.000,1.000
8,1,137.000,0.000,137,137,2.828,1.000,1.414,137,137,-415.008,0,137,220,34,135.000,1.000,1.000,1.000,1.000
9,1,126.000,0.000,126,126,2.828,1.000,1.414,126,126,NaN,0,126,179,39,135.000,1.000,1.000,1.000,1.000
10,1,129.000,0.000,129,129,2.828,1.000,1.414,129,129,NaN,0,129,179,41,135.000,1.000,1.000,1.000,1.000
11,1,139.000,0.000,139,139,2.828,1.000,1.414,139,139,-421.008,0,139,153,47,135.000,1.000,1.000,1.000,1.000
12,1,143.000,0.000,143,143,2.828,1.000,1.414,143,143,NaN,0,143,493,55,135.000,1.000,1.000,1.000,1.000
13,1,146.000,0.000,146,146,2.828,1.000,1.414,146,146,NaN,0,146,609,71,135.000,1.000,1.000,1.000,1.000
14,1,144.000,0.000,144,144,2.828,1.000,1.414,144,144,NaN,0,144,545,75,135.000,1.000,1.000,1.000,1.000
15,1,138.000,0.000,138,138,2.828,1.000,1.414,138,138,410.008,0,138,67,91,135.000,1.000,1.000,1.000,1.000
16,1,136.000,0.000,136,136,2.828,1.000,1.414,136,136,404.008,0,136,325,101,135.000,1.000,1.000,1.000,1.000
17,4,127.000,3.266,123,131,7.657,0.857,3.162,508,127,-1.000,0,508,193,103,108.435,2.000,1.468,0.681,0.800
18,1,137.000,0.000,137,137,2.828,1.000,1.414,137,137,407.008,0,137,419,103,135.000,1.000,1.000,1.000,1.000
19,2,142.000,0.000,142,142,5.657,0.785,2.828,284,142,847.017,0,284,566,106,135.000,1.414,2.646,0.378,0.667
20,3,133.667,2.517,131,136,8.485,0.524,3.162,401,134,-1577.628,0,401,419,107,108.435,2.000,1.567,0.638,0.600
21,2,130.500,4.950,127,134,5.657,0.785,2.828,261,134,297.166,0,261,338,108,135.000,1.414,2.646,0.378,0.667
22,1,135.000,0.000,135,135,2.828,1.000,1.414,135,135,401.008,0,135,617,115,135.000,1.000,1.000,1.000,1.000
23,4,133.000,2.944,130,137,11.314,0.393,4.472,532,133,-1.000,0,532,439,117,153.435,2.000,2.253,0.444,0.571
24,2,138.500,2.121,137,140,5.657,0.785,2.828,277,140,-2.000,0,277,418,121,45.000,1.414,2.646,0.378,0.667
25,1,128.000,0.000,128,128,2.828,1.000,1.414,128,128,NaN,0,128,533,125,135.000,1.000,1.000,1.000,1.000
26,1,135.000,0.000,135,135,2.828,1.000,1.414,135,135,-409.008,0,135,565,127,135.000,1.000,1.000,1.000,1.000
27,1,133.000,0.000,133,133,2.828,1.000,1.414,133,133,-403.008,0,133,375,131,135.000,1.000,1.000,1.000,1.000
28,17,130.059,15.494,103,147,17.899,0.667,7.211,2211,135,-4.540,0,2211,462,139,56.310,3.922,1.833,0.546,0.810
29,7,134.429,4.504,126,139,14.728,0.406,6.083,941.000,136,-3203.778,0,941.000,31,135,170.538,2.846,2.495,0.401,0.519
30,1,136.000,0.000,136,136,2.828,1.000,1.414,136,136,-412.008,0,136,375,135,135.000,1.000,1.000,1.000,1.000
31,1,136.000,0.000,136,136,2.828,1.000,1.414,136,136,404.008,0,136,178,136,135.000,1.000,1.000,1.000,1.000
32,1,136.000,0.000,136,136,2.828,1.000,1.414,136,136,NaN,0,136,383,137,135.000,1.000,1.000,1.000,1.000
33,1,135.000,0.000,135,135,2.828,1.000,1.414,135,135,NaN,0,135,381,139,135.000,1.000,1.000,1.000,1.000
34,3,132.667,2.309,130,134,8.485,0.524,4.243,398,134,363.951,0,398,386,147,45.000,1.414,4.123,0.243,0.600
35,1,127.000,0.000,127,127,2.828,1.000,1.414,127,127,376.999,0,127,357,149,135.000,1.000,1.000,1.000,1.000
36,3,123.667,2.309,121,125,6.243,0.967,3.162,371,125,-1.500,0,371,631,151,161.565,1.000,3.000,0.333,1.000
37,1,144.000,0.000,144,144,2.828,1.000,1.414,144,144,-436.008,0,144,557,153,135.000,1.000,1.000,1.000,1.000
38,1,132.000,0.000,132,132,2.828,1.000,1.414,132,132,NaN,0,132,635,155,135.000,1.000,1.000,1.000,1.000
39,1,136.000,0.000,136,136,2.828,1.000,1.414,136,136,-412.008,0,136,447,161,135.000,1.000,1.000,1.000,1.000
40,1,137.000,0.000,137,137,2.828,1.000,1.414,137,137,-415.008,0,137,555,161,135.000,1.000,1.000,1.000,1.000
41,2,139.000,0.000,139,139,5.657,0.785,2.828,278,139,-839.016,0,278,447,163,135.000,1.414,2.646,0.378,0.667
42,1,128.000,0.000,128,128,2.828,1.000,1.414,128,128,NaN,0,128,347,171,135.000,1.000,1.000,1.000,1.000
43,1,136.000,0.000,136,136,2.828,1.000,1.414,136,136,-412.008,0,136,483,171,135.000,1.000,1.000,1.000,1.000
44,1,131.000,0.000,131,131,2.828,1.000,1.414,131,131,389.008,0,131,488,172,135.000,1.000,1.000,1.000,1.000
45,1,139.000,0.000,139,139,2.828,1.000,1.414,139,139,413.008,0,139,275,173,135.000,1.000,1.000,1.000,1.000
46,1,139.000,0.000,139,139,2.828,1.000,1.414,139,139,-421.008,0,139,240,174,135.000,1.000,1.000,1.000,1.000
47,2,139.000,2.828,137,141,5.657,0.785,2.828,278,141,-459.622,0,278,492,179,45.000,1.414,2.646,0.378,0.667
48,1,143.000,0.000,143,143,2.828,1.000,1.414,143,143,-433.008,0,143,511,177,135.000,1.000,1.000,1.000,1.000
49,1,131.000,0.000,131,131,2.828,1.000,1.414,131,131,-397.008,0,131,294,184,135.000,1.000,1.000,1.000,1.000
50,1,133.000,0.000,133,133,2.828,1.000,1.414,133,133,-403.008,0,133,78,186,135.000,1.000,1.000,1.000,1.000
51,1,138.000,0.000,138,138,2.828,1.000,1.414,138,138,410.008,0,138,165,187,135.000,1.000,1.000,1.000,1.000
52,2,134.500,3.536,132,137,4.243,1.000,2.236,269,137,-470.476,0,269,344,189,153.435,1.000,2.000,0.500,1.000
53,1,123.000,0.000,123,123,2.828,1.000,1.414,123,123,-372.999,0,123,197,205,135.000,1.000,1.000,1.000,1.000
54,1,123.000,0.000,123,123,2.828,1.000,1.414,123,123,-372.999,0,123,193,207,135.000,1.000,1.000,1.000,1.000
55,1,132.000,0.000,132,132,2.828,1.000,1.414,132,132,-400.008,0,132,133,221,135.000,1.000,1.000,1.000,1.000
56,2,138.500,0.707,138,139,4.243,1.000,2.236,277,139,-2.000,0,277,128,222,153.435,1.000,2.000,0.500,1.000
57,1,137.000,0.000,137,137,2.828,1.000,1.414,137,137,-415.008,0,137,131,223,135.000,1.000,1.000,1.000,1.000
58,1,130.000,0.000,130,130,2.828,1.000,1.414,130,130,-394.008,0,130,135,225,135.000,1.000,1.000,1.000,1.000
59,1,146.000,0.000,146,146,2.828,1.000,1.414,146,146,434.008,0,146,639,231,135.000,1.000,1.000,1.000,1.000
60,1,142.000,0.000,142,142,2.828,1.000,1.414,142,142,NaN,0,142,254,232,135.000,1.000,1.000,1.000,1.000
61,1,145.000,0.000,145,145,2.828,1.000,1.414,145,145,431.008,0,145,630,232,135.000,1.000,1.000,1.000,1.000
62,1,135.000,0.000,135,135,2.828,1.000,1.414,135,135,401.008,0,135,253,235,135.000,1.000,1.000,1.000,1.000
63,1,139.000,0.000,139,139,2.828,1.000,1.414,139,139,413.008,0,139,111,237,135.000,1.000,1.000,1.000,1.000
64,1,136.000,0.000,136,136,2.828,1.000,1.414,136,136,404.008,0,136,310,238,135.000,1.000,1.000,1.000,1.000
65,1,131.000,0.000,131,131,2.828,1.000,1.414,131,131,NaN,0,131,515,239,135.000,1.000,1.000,1.000,1.000
66,1,136.000,0.000,136,136,2.828,1.000,1.414,136,136,-412.008,0,136,517,239,135.000,1.000,1.000,1.000,1.000
67,2,142.500,2.121,141,144,5.657,0.785,2.828,285,144,-452.576,0,285,141,248,45.000,1.414,2.646,0.378,0.667
68,2,132.500,7.778,127,138,5.657,0.785,2.828,265,138,-10715.116,0,265,129,249,135.000,1.414,2.646,0.378,0.667
69,1,142.000,0.000,142,142,2.828,1.000,1.414,142,142,422.008,0,142,272,252,135.000,1.000,1.000,1.000,1.000
70,4,133.000,5.228,128,138,7.657,0.857,3.162,532,137,444.750,0,532,613,253,108.435,2.000,1.468,0.681,0.800
71,1,131.000,0.000,131,131,2.828,1.000,1.414,131,131,389.008,0,131,136,256,135.000,1.000,1.000,1.000,1.000
72,1,138.000,0.000,138,138,2.828,1.000,1.414,138,138,-418.008,0,138,133,257,135.000,1.000,1.000,1.000,1.000
73,1,135.000,0.000,135,135,2.828,1.000,1.414,135,135,401.008,0,135,139,257,135.000,1.000,1.000,1.000,1.000
74,4,130.500,6.758,122,138,11.314,0.393,4.243,522,133,-5811.579,0,522,200,260,135.000,2.828,1.537,0.650,0.571
75,1,140.000,0.000,140,140,2.828,1.000,1.414,140,140,416.008,0,140,242,264,135.000,1.000,1.000,1.000,1.000
76,1,147.000,0.000,147,147,2.828,1.000,1.414,147,147,NaN,0,147,548,264,135.000,1.000,1.000,1.000,1.000
77,3,136.667,2.082,135,139,8.485,0.524,4.243,410,136,565.346,0,410,321,270,45.000,1.414,4.123,0.243,0.600
78,1,136.000,0.000,136,136,2.828,1.000,1.414,136,136,404.008,0,136,298,268,135.000,1.000,1.000,1.000,1.000
79,1,134.000,0.000,134,134,2.828,1.000,1.414,134,134,NaN,0,134,76,270,135.000,1.000,1.000,1.000,1.000
80,2,137.000,1.414,136,138,5.657,0.785,2.828,274,138,-2.000,0,274,368,270,135.000,1.414,2.646,0.378,0.667
81,1,137.000,0.000,137,137,2.828,1.000,1.414,137,137,407.008,0,137,444,270,135.000,1.000,1.000,1.000,1.000
82,1,141.000,0.000,141,141,2.828,1.000,1.414,141,141,NaN,0,141,152,272,135.000,1.000,1.000,1.000,1.000
83,2,136.000,1.414,135,137,5.657,0.785,2.828,272,137,-845.648,0,272,415,274,45.000,1.414,2.646,0.378,0.667
84,3,131.667,1.155,131,133,8.485,0.524,3.162,395,131,1121.443,0,395,97,275,108.435,2.000,1.567,0.638,0.600
85,4,133.000,2.000,132,136,5.657,1.000,2.828,532,132,-2181.683,0,532,416,275,135.000,2.000,1.000,1.000,1.000
86,1,137.000,0.000,137,137,2.828,1.000,1.414,137,137,407.008,0,137,465,277,135.000,1.000,1.000,1.000,1.000
87,9,135.111,5.442,126,144,20.971,0.257,8.944,1216,137,345.372,0,1216,149,286,63.435,2.971,4.589,0.218,0.462
88,3,132.333,1.155,131,133,8.485,0.524,3.162,397,133,-1.500,0,397,289,279,161.565,2.000,1.567,0.638,0.600
89,2,125.500,6.364,121,130,5.657,0.785,2.828,251,130,322.503,0,251,192,283,45.000,1.414,2.646,0.378,0.667
90,3,133.000,3.000,130,136,6.828,0.809,3.162,399,133,-1905.297,0,399,45,283,108.435,1.000,3.000,0.333,1.000
91,1,135.000,0.000,135,135,2.828,1.000,1.414,135,135,NaN,0,135,8,284,135.000,1.000,1.000,1.000,1.000
92,1,145.000,0.000,145,145,2.828,1.000,1.414,145,145,431.008,0,145,309,287,135.000,1.000,1.000,1.000,1.000
93,1,143.000,0.000,143,143,2.828,1.000,1.414,143,143,425.008,0,143,283,289,135.000,1.000,1.000,1.000,1.000
94,1,138.000,0.000,138,138,2.828,1.000,1.414,138,138,NaN,0,138,400,290,135.000,1.000,1.000,1.000,1.000
95,3,135.667,1.528,134,137,6.828,0.809,3.162,407,136,-639.831,0,407,148,292,108.435,1.000,3.000,0.333,1.000
96,1,137.000,0.000,137,137,2.828,1.000,1.414,137,137,-415.008,0,137,166,292,135.000,1.000,1.000,1.000,1.000
97,4,132.250,4.113,127,136,7.657,0.857,3.162,529,135,618.947,0,529,394,292,108.435,2.000,1.468,0.681,0.800
98,1,133.000,0.000,133,133,2.828,1.000,1.414,133,133,-403.008,0,133,43,293,135.000,1.000,1.000,1.000,1.000
99,2,127.500,0.707,127,128,5.657,0.785,2.828,255,128,376.272,0,255,553,300,45.000,1.414,2.646,0.378,0.667
100,1,139.000,0.000,139,139,2.828,1.000,1.414,139,139,413.008,0,139,315,301,135.000,1.000,1.000,1.000,1.000
101,1,136.000,0.000,136,136,2.828,1.000,1.414,136,136,404.008,0,136,556,303,135.000,1.000,1.000,1.000,1.000
102,1,136.000,0.000,136,136,2.828,1.000,1.414,136,136,NaN,0,136,145,307,135.000,1.000,1.000,1.000,1.000
103,1,142.000,0.000,142,142,2.828,1.000,1.414,142,142,422.008,0,142,374,308,135.000,1.000,1.000,1.000,1.000
104,1,133.000,0.000,133,133,2.828,1.000,1.414,133,133,395.008,0,133,145,309,135.000,1.000,1.000,1.000,1.000
105,1,141.000,0.000,141,141,2.828,1.000,1.414,141,141,-427.008,0,141,165,309,135.000,1.000,1.000,1.000,1.000
106,1,135.000,0.000,135,135,2.828,1.000,1.414,135,135,NaN,0,135,433,309,135.000,1.000,1.000,1.000,1.000
107,2,131.000,4.243,128,134,5.657,0.785,2.828,262,134,557.263,0,262,145,311,135.000,1.414,2.646,0.378,0.667
108,1,140.000,0.000,140,140,2.828,1.000,1.414,140,140,NaN,0,140,165,311,135.000,1.000,1.000,1.000,1.000
109,5,132.200,8.585,118,141,11.314,0.491,4.472,661,133,-19054.736,0,661,511,311,116.565,2.530,2.166,0.462,0.556
110,3,137.333,2.309,136,140,8.485,0.524,3.162,412,136,-1531.410,0,412,505,313,161.565,2.000,1.567,0.638,0.600
111,1,137.000,0.000,137,137,2.828,1.000,1.414,137,137,NaN,0,137,377,315,135.000,1.000,1.000,1.000,1.000
112,1,153.000,0.000,153,153,2.828,1.000,1.414,153,153,-463.009,0,153,365,317,135.000,1.000,1.000,1.000,1.000
113,1,136.000,0.000,136,136,2.828,1.000,1.414,136,136,404.008,0,136,60,318,135.000,1.000,1.000,1.000,1.000
114,5,131.600,4.506,127,136,11.314,0.491,5.657,658,132,479.545,0,658,107,319,135.000,2.121,3.986,0.251,0.588
115,1,137.000,0.000,137,137,2.828,1.000,1.414,137,137,407.008,0,137,260,320,135.000,1.000,1.000,1.000,1.000
116,1,129.000,0.000,129,129,2.828,1.000,1.414,129,129,383.008,0,129,71,321,135.000,1.000,1.000,1.000,1.000
117,2,144.000,1.414,143,145,5.657,0.785,2.828,288,145,-2.000,0,288,568,323,45.000,1.414,2.646,0.378,0.667
118,1,150.000,0.000,150,150,2.828,1.000,1.414,150,150,NaN,0,150,591,321,135.000,1.000,1.000,1.000,1.000
119,2,134.000,4.243,131,137,5.657,0.785,2.828,268,137,328.046,0,268,268,322,135.000,1.414,2.646,0.378,0.667
120,9,126.444,8.187,115,140,13.314,0.638,6.403,1138,124,66.634,0,1138,277,322,141.340,2.828,2.521,0.397,0.720
121,1,130.000,0.000,130,130,2.828,1.000,1.414,130,130,NaN,0,130,69,323,135.000,1.000,1.000,1.000,1.000
122,2,147.000,0.000,147,147,5.657,0.785,2.828,294,147,877.017,0,294,140,325,45.000,1.414,2.646,0.378,0.667
123,1,143.000,0.000,143,143,2.828,1.000,1.414,143,143,NaN,0,143,503,325,135.000,1.000,1.000,1.000,1.000
124,2,136.500,4.950,133,140,5.657,0.785,2.828,273,140,-2.000,0,273,242,326,135.000,1.414,2.646,0.378,0.667
125,1,136.000,0.000,136,136,2.828,1.000,1.414,136,136,NaN,0,136,381,327,135.000,1.000,1.000,1.000,1.000
126,2,130.500,4.950,127,134,5.657,0.785,2.828,261,134,493.331,0,261,72,328,135.000,1.414,2.646,0.378,0.667
127,1,135.000,0.000,135,135,2.828,1.000,1.414,135,135,-409.008,0,135,66,330,135.000,1.000,1.000,1.000,1.000
128,1,141.000,0.000,141,141,2.828,1.000,1.414,141,141,419.008,0,141,236,330,135.000,1.000,1.000,1.000,1.000
129,1,134.000,0.000,134,134,2.828,1.000,1.414,134,134,NaN,0,134,7,331,135.000,1.000,1.000,1.000,1.000
130,4,127.000,2.708,125,131,11.314,0.393,4.243,508,126,-3287.526,0,508,71,331,135.000,2.828,1.537,0.650,0.571
131,1,138.000,0.000,138,138,2.828,1.000,1.414,138,138,-418.008,0,138,245,331,135.000,1.000,1.000,1.000,1.000
132,1,138.000,0.000,138,138,2.828,1.000,1.414,138,138,NaN,0,138,213,333,135.000,1.000,1.000,1.000,1.000
133,1,137.000,0.000,137,137,2.828,1.000,1.414,137,137,-415.008,0,137,505,335,135.000,1.000,1.000,1.000,1.000
134,1,140.000,0.000,140,140,2.828,1.000,1.414,140,140,-424.008,0,140,266,336,135.000,1.000,1.000,1.000,1.000
135,1,141.000,0.000,141,141,2.828,1.000,1.414,141,141,NaN,0,141,484,336,135.000,1.000,1.000,1.000,1.000
136,1,146.000,0.000,146,146,2.828,1.000,1.414,146,146,NaN,0,146,469,337,135.000,1.000,1.000,1.000,1.000
137,1,138.000,0.000,138,138,2.828,1.000,1.414,138,138,NaN,0,138,577,337,135.000,1.000,1.000,1.000,1.000
138,2,137.000,0.000,137,137,5.657,0.785,2.828,274,137,-415.008,0,274,1,340,45.000,1.414,2.646,0.378,0.667
139,1,142.000,0.000,142,142,2.828,1.000,1.414,142,142,NaN,0,142,97,339,135.000,1.000,1.000,1.000,1.000
140,1,147.000,0.000,147,147,2.828,1.000,1.414,147,147,437.008,0,147,387,339,135.000,1.000,1.000,1.000,1.000
141,3,148.333,0.577,148,149,6.828,0.809,3.162,445,148,-1.500,0,445,513,339,108.435,1.000,3.000,0.333,1.000
142,2,140.000,1.414,139,141,5.657,0.785,2.828,280,141,-895.337,0,280,221,341,135.000,1.414,2.646,0.378,0.667
143,1,143.000,0.000,143,143,2.828,1.000,1.414,143,143,NaN,0,143,277,341,135.000,1.000,1.000,1.000,1.000
144,1,130.000,0.000,130,130,2.828,1.000,1.414,130,130,NaN,0,130,298,342,135.000,1.000,1.000,1.000,1.000
145,1,133.000,0.000,133,133,2.828,1.000,1.414,133,133,NaN,0,133,574,342,135.000,1.000,1.000,1.000,1.000
146,1,139.000,0.000,139,139,2.828,1.000,1.414,139,139,-421.008,0,139,57,343,135.000,1.000,1.000,1.000,1.000
147,1,143.000,0.000,143,143,2.828,1.000,1.414,143,143,NaN,0,143,229,343,135.000,1.000,1.000,1.000,1.000
148,2,142.000,1.414,141,143,5.657,0.785,2.828,284,143,801.130,0,284,276,345,45.000,1.414,2.646,0.378,0.667
149,8,130.750,7.106,118,138,12.728,0.621,5.831,1046,134,-1341.547,0,1046,623,343,149.036,2.828,2.385,0.419,0.667
150,1,138.000,0.000,138,138,2.828,1.000,1.414,138,138,NaN,0,138,76,344,135.000,1.000,1.000,1.000,1.000
151,1,143.000,0.000,143,143,2.828,1.000,1.414,143,143,NaN,0,143,377,345,135.000,1.000,1.000,1.000,1.000
152,7,123.000,12.819,102,134,10.485,0.800,5.000,861,128,-21.453,0,861,469,345,126.870,2.828,2.041,0.490,0.778
153,4,131.250,11.026,115,139,9.899,0.513,4.123,525,137,-146.086,0,525,599,345,165.964,2.000,2.293,0.436,0.615
154,2,145.000,1.414,144,146,4.828,1.000,2.236,290,146,819.088,0,290,510,346,116.565,1.000,2.000,0.500,1.000
155,1,146.000,0.000,146,146,2.828,1.000,1.414,146,146,434.008,0,146,175,347,135.000,1.000,1.000,1.000,1.000
156,8,131.000,7.502,119,139,14.142,0.503,5.831,1048,136,101.910,0,1048,351,347,120.964,3.130,2.369,0.422,0.593
157,1,138.000,0.000,138,138,2.828,1.000,1.414,138,138,410.008,0,138,573,347,135.000,1.000,1.000,1.000,1.000
158,1,145.000,0.000,145,145,2.828,1.000,1.414,145,145,431.008,0,145,573,349,135.000,1.000,1.000,1.000,1.000
159,4,135.500,0.577,135,136,7.657,0.857,3.162,542,136,-835.351,0,542,74,350,108.435,2.000,1.468,0.681,0.800
160,5,125.600,7.503,118,135,8.485,0.873,3.162,628,123,137.602,0,628,87,351,108.435,2.828,1.000,1.000,0.714
161,2,135.500,4.950,132,139,5.657,0.785,2.828,271,139,-2.000,0,271,79,354,45.000,1.414,2.646,0.378,0.667
162,1,149.000,0.000,149,149,2.828,1.000,1.414,149,149,-451.008,0,149,514,352,135.000,1.000,1.000,1.000,1.000
163,1,143.000,0.000,143,143,2.828,1.000,1.414,143,143,NaN,0,143,497,353,135.000,1.000,1.000,1.000,1.000
164,1,139.000,0.000,139,139,2.828,1.000,1.414,139,139,NaN,0,139,490,354,135.000,1.000,1.000,1.000,1.000
165,1,132.000,0.000,132,132,2.828,1.000,1.414,132,132,NaN,0,132,500,354,135.000,1.000,1.000,1.000,1.000
166,1,140.000,0.000,140,140,2.828,1.000,1.414,140,140,NaN,0,140,177,355,135.000,1.000,1.000,1.000,1.000
167,1,142.000,0.000,142,142,2.828,1.000,1.414,142,142,-430.008,0,142,229,355,135.000,1.000,1.000,1.000,1.000
168,1,150.000,0.000,150,150,2.828,1.000,1.414,150,150,446.009,0,150,188,356,135.000,1.000,1.000,1.000,1.000
169,1,146.000,0.000,146,146,2.828,1.000,1.414,146,146,434.008,0,146,127,357,135.000,1.000,1.000,1.000,1.000
170,1,137.000,0.000,137,137,2.828,1.000,1.414,137,137,-415.008,0,137,74,358,135.000,1.000,1.000,1.000,1.000
171,1,142.000,0.000,142,142,2.828,1.000,1.414,142,142,-430.008,0,142,53,359,135.000,1.000,1.000,1.000,1.000
172,1,142.000,0.000,142,142,2.828,1.000,1.414,142,142,-430.008,0,142,271,359,135.000,1.000,1.000,1.000,1.000
173,1,140.000,0.000,140,140,2.828,1.000,1.414,140,140,416.008,0,140,265,361,135.000,1.000,1.000,1.000,1.000
174,3,125.667,12.423,118,140,8.485,0.524,4.243,377,119,-1.498,0,377,295,361,135.000,1.414,4.123,0.243,0.600
175,1,147.000,0.000,147,147,2.828,1.000,1.414,147,147,-445.008,0,147,425,361,135.000,1.000,1.000,1.000,1.000
176,2,139.000,4.243,136,142,5.657,0.785,2.828,278,142,-2.000,0,278,72,362,135.000,1.414,2.646,0.378,0.667
177,2,151.000,0.000,151,151,5.657,0.785,2.828,302,151,-911.017,0,302,92,365,45.000,1.414,2.646,0.378,0.667
178,1,139.000,0.000,139,139,2.828,1.000,1.414,139,139,-421.008,0,139,133,363,135.000,1.000,1.000,1.000,1.000
179,1,146.000,0.000,146,146,2.828,1.000,1.414,146,146,-442.008,0,146,467,363,135.000,1.000,1.000,1.000,1.000
180,1,146.000,0.000,146,146,2.828,1.000,1.414,146,146,NaN,0,146,523,363,135.000,1.000,1.000,1.000,1.000
181,1,137.000,0.000,137,137,2.828,1.000,1.414,137,137,407.008,0,137,48,364,135.000,1.000,1.000,1.000,1.000
182,1,134.000,0.000,134,134,2.828,1.000,1.414,134,134,-406.008,0,134,51,365,135.000,1.000,1.000,1.000,1.000
183,2,135.000,2.828,133,137,5.657,0.785,2.828,270,137,-447.704,0,270,56,367,45.000,1.414,2.646,0.378,0.667
184,1,139.000,0.000,139,139,2.828,1.000,1.414,139,139,NaN,0,139,417,365,135.000,1.000,1.000,1.000,1.000
185,1,140.000,0.000,140,140,2.828,1.000,1.414,140,140,-424.008,0,140,609,365,135.000,1.000,1.000,1.000,1.000
186,1,131.000,0.000,131,131,2.828,1.000,1.414,131,131,NaN,0,131,577,367,135.000,1.000,1.000,1.000,1.000
187,2,140.000,0.000,140,140,5.657,0.785,2.828,280,140,-2.000,0,280,269,370,45.000,1.414,2.646,0.378,0.667
188,3,135.667,2.082,134,138,8.485,0.524,3.162,407,135,-1476.438,0,407,393,369,161.565,2.000,1.567,0.638,0.600
189,1,137.000,0.000,137,137,2.828,1.000,1.414,137,137,407.008,0,137,51,369,135.000,1.000,1.000,1.000,1.000
190,5,126.400,6.427,121,136,8.485,0.873,4.243,632,123,222.474,0,632,549,369,135.000,2.121,2.308,0.433,0.769
191,3,140.667,4.163,136,144,5.657,1.000,2.828,422,142,717.299,0,422,555,369,135.000,2.000,1.464,0.683,0.857
192,1,133.000,0.000,133,133,2.828,1.000,1.414,133,133,NaN,0,133,577,369,135.000,1.000,1.000,1.000,1.000
193,1,134.000,0.000,134,134,2.828,1.000,1.414,134,134,398.008,0,134,53,371,135.000,1.000,1.000,1.000,1.000
194,1,139.000,0.000,139,139,2.828,1.000,1.414,139,139,-421.008,0,139,532,372,135.000,1.000,1.000,1.000,1.000
195,1,128.000,0.000,128,128,2.828,1.000,1.414,128,128,NaN,0,128,556,372,135.000,1.000,1.000,1.000,1.000
196,1,129.000,0.000,129,129,2.828,1.000,1.414,129,129,NaN,0,129,506,374,135.000,1.000,1.000,1.000,1.000
197,4,134.750,1.708,133,137,9.071,0.611,4.472,539,135,1344.279,0,539,515,375,153.435,1.897,3.093,0.323,0.667
198,1,129.000,0.000,129,129,2.828,1.000,1.414,129,129,383.008,0,129,398,376,135.000,1.000,1.000,1.000,1.000
199,1,141.000,0.000,141,141,2.828,1.000,1.414,141,141,NaN,0,141,295,377,135.000,1.000,1.000,1.000,1.000
200,1,148.000,0.000,148,148,2.828,1.000,1.414,148,148,440.008,0,148,557,377,135.000,1.000,1.000,1.000,1.000
201,2,142.000,4.243,139,145,5.657,0.785,2.828,284,145,-2.000,0,284,395,379,135.000,1.414,2.646,0.378,0.667
202,1,133.000,0.000,133,133,2.828,1.000,1.414,133,133,NaN,0,133,521,379,135.000,1.000,1.000,1.000,1.000
203,5,133.600,5.550,128,142,8.485,0.873,3.606,668,132,-1.071,0,668,333,380,123.690,2.828,1.289,0.776,0.667
204,1,135.000,0.000,135,135,2.828,1.000,1.414,135,135,401.008,0,135,449,381,135.000,1.000,1.000,1.000,1.000
205,1,137.000,0.000,137,137,2.828,1.000,1.414,137,137,-415.008,0,137,517,381,135.000,1.000,1.000,1.000,1.000
206,1,148.000,0.000,148,148,2.828,1.000,1.414,148,148,-448.008,0,148,505,383,135.000,1.000,1.000,1.000,1.000
207,2,137.500,0.707,137,138,5.657,0.785,2.828,275,138,-418.776,0,275,514,385,45.000,1.414,2.646,0.378,0.667
208,1,136.000,0.000,136,136,2.828,1.000,1.414,136,136,-412.008,0,136,573,383,135.000,1.000,1.000,1.000,1.000
209,1,141.000,0.000,141,141,2.828,1.000,1.414,141,141,NaN,0,141,599,383,135.000,1.000,1.000,1.000,1.000
210,2,132.000,1.414,131,133,5.657,0.785,2.828,264,133,-409.199,0,264,120,384,135.000,1.414,2.646,0.378,0.667
211,1,151.000,0.000,151,151,2.828,1.000,1.414,151,151,-457.009,0,151,258,384,135.000,1.000,1.000,1.000,1.000
212,1,143.000,0.000,143,143,2.828,1.000,1.414,143,143,NaN,0,143,408,384,135.000,1.000,1.000,1.000,1.000
213,1,144.000,0.000,144,144,2.828,1.000,1.414,144,144,-436.008,0,144,468,384,135.000,1.000,1.000,1.000,1.000
214,6,130.500,7.232,121,139,13.314,0.425,4.472,783,135,156.053,0,783,226,386,153.435,3.000,1.662,0.602,0.600
215,8,130.500,8.864,118,142,10.485,0.914,5.000,1044,132,-1.230,0,1044,245,385,126.870,2.828,1.939,0.516,0.842
216,31,122.258,7.954,96,132,36.042,0.300,11.180,3790,124,100.761,0,3790,521,395,63.435,6.957,1.824,0.548,0.620
217,1,147.000,0.000,147,147,2.828,1.000,1.414,147,147,-445.008,0,147,170,386,135.000,1.000,1.000,1.000,1.000
218,1,150.000,0.000,150,150,2.828,1.000,1.414,150,150,-454.009,0,150,172,386,135.000,1.000,1.000,1.000,1.000
219,1,137.000,0.000,137,137,2.828,1.000,1.414,137,137,407.008,0,137,464,386,135.000,1.000,1.000,1.000,1.000
220,9,130.333,6.614,122,141,19.799,0.289,6.325,1173,132,216.640,0,1173,513,392,71.565,4.025,2.056,0.486,0.474
221,1,133.000,0.000,133,133,2.828,1.000,1.414,133,133,395.008,0,133,529,387,135.000,1.000,1.000,1.000,1.000
222,1,137.000,0.000,137,137,2.828,1.000,1.414,137,137,407.008,0,137,574,388,135.000,1.000,1.000,1.000,1.000
223,4,132.250,8.098,123,140,7.657,0.857,3.606,529,138,-1.742,0,529,29,389,146.310,2.000,2.000,0.500,0.800
224,3,147.000,1.000,146,148,6.243,0.967,3.162,441,147,-1430.867,0,441,224,390,161.565,1.000,3.000,0.333,1.000
225,1,143.000,0.000,143,143,2.828,1.000,1.414,143,143,-433.008,0,143,228,390,135.000,1.000,1.000,1.000,1.000
226,1,145.000,0.000,145,145,2.828,1.000,1.414,145,145,431.008,0,145,191,391,135.000,1.000,1.000,1.000,1.000
227,1,145.000,0.000,145,145,2.828,1.000,1.414,145,145,NaN,0,145,351,391,135.000,1.000,1.000,1.000,1.000
228,1,136.000,0.000,136,136,2.828,1.000,1.414,136,136,NaN,0,136,441,391,135.000,1.000,1.000,1.000,1.000
229,3,135.333,0.577,135,136,5.657,1.000,2.828,406,135,400.023,0,406,552,393,45.000,2.000,1.464,0.683,0.857
230,1,146.000,0.000,146,146,2.828,1.000,1.414,146,146,-442.008,0,146,116,392,135.000,1.000,1.000,1.000,1.000
231,1,140.000,0.000,140,140,2.828,1.000,1.414,140,140,-424.008,0,140,144,392,135.000,1.000,1.000,1.000,1.000
232,3,129.333,7.234,121,134,6.243,0.967,3.162,388,133,227.346,0,388,129,393,161.565,1.000,3.000,0.333,1.000
233,1,141.000,0.000,141,141,2.828,1.000,1.414,141,141,NaN,0,141,288,394,135.000,1.000,1.000,1.000,1.000
234,1,148.000,0.000,148,148,2.828,1.000,1.414,148,148,-448.008,0,148,350,394,135.000,1.000,1.000,1.000,1.000
235,1,146.000,0.000,146,146,2.828,1.000,1.414,146,146,434.008,0,146,35,395,135.000,1.000,1.000,1.000,1.000
236,1,140.000,0.000,140,140,2.828,1.000,1.414,140,140,NaN,0,140,229,395,135.000,1.000,1.000,1.000,1.000
237,1,137.000,0.000,137,137,2.828,1.000,1.414,137,137,-415.008,0,137,469,395,135.000,1.000,1.000,1.000,1.000
238,6,137.333,1.506,135,139,11.657,0.555,5.099,824,137,771.982,0,824,513,395,101.310,2.000,3.003,0.333,0.750
239,5,139.600,1.517,137,141,14.142,0.314,5.657,698,140,-1126.461,0,698,35,400,45.000,2.828,2.366,0.423,0.500
240,4,136.000,3.162,132,139,7.071,1.000,3.162,544,138,988.392,0,544,69,397,161.565,2.000,1.468,0.681,0.800
241,1,143.000,0.000,143,143,2.828,1.000,1.414,143,143,-433.008,0,143,234,396,135.000,1.000,1.000,1.000,1.000
242,1,142.000,0.000,142,142,2.828,1.000,1.414,142,142,NaN,0,142,236,396,135.000,1.000,1.000,1.000,1.000
243,6,128.667,5.854,120,136,11.314,0.589,4.472,772,130,-1.042,0,772,457,400,63.435,2.828,1.633,0.612,0.667
244,9,121.333,6.708,106,130,11.899,0.799,5.657,1092,122,-283717.521,0,1092,518,396,135.000,2.828,2.113,0.473,0.818
245,1,130.000,0.000,130,130,2.828,1.000,1.414,130,130,NaN,0,130,524,396,135.000,1.000,1.000,1.000,1.000
246,7,136.286,2.812,132,139,16.142,0.338,6.708,954,137,1116.048,0,954,65,403,63.435,2.683,3.322,0.301,0.583
247,1,144.000,0.000,144,144,2.828,1.000,1.414,144,144,-436.008,0,144,169,397,135.000,1.000,1.000,1.000,1.000
248,1,143.000,0.000,143,143,2.828,1.000,1.414,143,143,NaN,0,143,54,398,135.000,1.000,1.000,1.000,1.000
249,1,127.000,0.000,127,127,2.828,1.000,1.414,127,127,NaN,0,127,454,398,135.000,1.000,1.000,1.000,1.000
250,3,135.333,3.055,132,138,6.243,0.967,3.162,406,136,-2007.168,0,406,474,398,161.565,1.000,3.000,0.333,1.000
251,1,142.000,0.000,142,142,2.828,1.000,1.414,142,142,-430.008,0,142,568,398,135.000,1.000,1.000,1.000,1.000
252,1,143.000,0.000,143,143,2.828,1.000,1.414,143,143,NaN,0,143,572,398,135.000,1.000,1.000,1.000,1.000
253,1,141.000,0.000,141,141,2.828,1.000,1.414,141,141,NaN,0,141,39,399,135.000,1.000,1.000,1.000,1.000
254,1,141.000,0.000,141,141,2.828,1.000,1.414,141,141,NaN,0,141,395,399,135.000,1.000,1.000,1.000,1.000
255,1,139.000,0.000,139,139,2.828,1.000,1.414,139,139,NaN,0,139,469,399,135.000,1.000,1.000,1.000,1.000
256,1,136.000,0.000,136,136,2.828,1.000,1.414,136,136,404.008,0,136,134,400,135.000,1.000,1.000,1.000,1.000
257,1,140.000,0.000,140,140,2.828,1.000,1.414,140,140,416.008,0,140,572,400,135.000,1.000,1.000,1.000,1.000
258,3,132.667,6.028,127,139,8.485,0.524,3.162,398,132,-66013.606,0,398,265,401,161.565,2.000,1.567,0.638,0.600
259,4,143.750,3.096,141,148,11.314,0.393,5.657,575,144,630.564,0,575,392,405,45.000,1.414,5.568,0.180,0.571
260,1,140.000,0.000,140,140,2.828,1.000,1.414,140,140,-424.008,0,140,513,401,135.000,1.000,1.000,1.000,1.000
261,2,136.000,8.485,130,142,5.657,0.785,2.828,272,142,-2.000,0,272,289,404,45.000,1.414,2.646,0.378,0.667
262,4,137.250,0.957,136,138,11.314,0.393,4.243,549,138,-1.278,0,549,111,406,45.000,2.828,1.537,0.650,0.571
263,1,143.000,0.000,143,143,2.828,1.000,1.414,143,143,-433.008,0,143,425,403,135.000,1.000,1.000,1.000,1.000
264,6,126.500,7.714,116,135,8.485,1.000,3.606,759,129,160.385,0,759,570,406,33.690,2.828,1.291,0.775,0.800
265,1,148.000,0.000,148,148,2.828,1.000,1.414,148,148,NaN,0,148,404,404,135.000,1.000,1.000,1.000,1.000
266,1,133.000,0.000,133,133,2.828,1.000,1.414,133,133,395.008,0,133,538,404,135.000,1.000,1.000,1.000,1.000
267,2,137.000,4.243,134,140,4.828,1.000,2.236,274,140,590.996,0,274,557,404,116.565,1.000,2.000,0.500,1.000
268,3,135.000,3.606,131,138,8.485,0.524,3.162,405,136,741.234,0,405,483,405,161.565,2.000,1.567,0.638,0.600
269,3,139.667,1.528,138,141,6.243,0.967,3.162,419,140,-1.500,0,419,100,406,161.565,1.000,3.000,0.333,1.000
270,1,144.000,0.000,144,144,2.828,1.000,1.414,144,144,428.008,0,144,130,406,135.000,1.000,1.000,1.000,1.000
271,7,139.143,4.880,133,146,14.485,0.419,6.083,974,138,452.088,0,974,289,406,99.462,2.000,3.204,0.312,0.700
272,3,141.333,2.309,140,144,8.485,0.524,4.243,424,140,-1557.863,0,424,514,406,135.000,1.414,4.123,0.243,0.600
273,2,137.000,0.000,137,137,5.657,0.785,2.828,274,137,NaN,0,274,538,406,135.000,1.414,2.646,0.378,0.667
274,1,138.000,0.000,138,138,2.828,1.000,1.414,138,138,NaN,0,138,61,407,135.000,1.000,1.000,1.000,1.000
275,1,146.000,0.000,146,146,2.828,1.000,1.414,146,146,-442.008,0,146,193,407,135.000,1.000,1.000,1.000,1.000
276,1,143.000,0.000,143,143,2.828,1.000,1.414,143,143,425.008,0,143,261,407,135.000,1.000,1.000,1.000,1.000
277,1,142.000,0.000,142,142,2.828,1.000,1.414,142,142,NaN,0,142,325,407,135.000,1.000,1.000,1.000,1.000
278,5,136.800,2.168,133,138,10.243,0.599,5.099,684,138,-1220.782,0,684,417,407,168.690,1.000,5.000,0.200,1.000
279,1,135.000,0.000,135,135,2.828,1.000,1.414,135,135,401.008,0,135,557,407,135.000,1.000,1.000,1.000,1.000
280,1,145.000,0.000,145,145,2.828,1.000,1.414,145,145,-439.008,0,145,623,407,135.000,1.000,1.000,1.000,1.000
281,2,142.500,0.707,142,143,5.657,0.785,2.828,285,143,847.035,0,285,13,410,45.000,1.414,2.646,0.378,0.667
282,7,136.286,4.990,130,144,13.314,0.496,6.403,954,135,-1.107,0,954,31,414,51.340,2.683,3.359,0.298,0.609
283,1,141.000,0.000,141,141,2.828,1.000,1.414,141,141,NaN,0,141,295,409,135.000,1.000,1.000,1.000,1.000
284,1,138.000,0.000,138,138,2.828,1.000,1.414,138,138,NaN,0,138,268,410,135.000,1.000,1.000,1.000,1.000
285,2,137.500,4.950,134,141,5.657,0.785,2.828,275,141,530.981,0,275,284,410,135.000,1.414,2.646,0.378,0.667
286,11,131.455,8.299,115,142,16.142,0.530,7.211,1446.000,134,-94.767,0,1446.000,167,411,123.690,2.828,3.321,0.301,0.688
287,3,131.333,5.774,128,138,5.657,1.000,2.828,394,128,-1.538,0,394,420,413,45.000,2.000,1.464,0.683,0.857
288,2,131.000,1.414,130,132,5.657,0.785,2.828,262,132,757.643,0,262,521,411,135.000,1.414,2.646,0.378,0.667
289,1,147.000,0.000,147,147,2.828,1.000,1.414,147,147,NaN,0,147,619,411,135.000,1.000,1.000,1.000,1.000
290,1,143.000,0.000,143,143,2.828,1.000,1.414,143,143,425.008,0,143,130,412,135.000,1.000,1.000,1.000,1.000
291,1,141.000,0.000,141,141,2.828,1.000,1.414,141,141,NaN,0,141,274,412,135.000,1.000,1.000,1.000,1.000
292,1,136.000,0.000,136,136,2.828,1.000,1.414,136,136,-412.008,0,136,454,412,135.000,1.000,1.000,1.000,1.000
293,1,149.000,0.000,149,149,2.828,1.000,1.414,149,149,443.008,0,149,125,413,135.000,1.000,1.000,1.000,1.000
294,1,149.000,0.000,149,149,2.828,1.000,1.414,149,149,443.008,0,149,173,413,135.000,1.000,1.000,1.000,1.000
295,1,137.000,0.000,137,137,2.828,1.000,1.414,137,137,407.008,0,137,213,413,135.000,1.000,1.000,1.000,1.000
296,2,144.500,0.707,144,145,4.243,1.000,2.236,289,145,-439.775,0,289,141,414,153.435,1.000,2.000,0.500,1.000
297,2,143.500,2.121,142,145,5.657,0.785,2.828,287,145,407.018,0,287,433,416,45.000,1.414,2.646,0.378,0.667
298,1,139.000,0.000,139,139,2.828,1.000,1.414,139,139,-421.008,0,139,38,415,135.000,1.000,1.000,1.000,1.000
299,3,144.000,1.000,143,145,8.485,0.524,4.243,432,144,-1326.449,0,432,123,418,45.000,1.414,4.123,0.243,0.600
300,1,138.000,0.000,138,138,2.828,1.000,1.414,138,138,NaN,0,138,57,417,135.000,1.000,1.000,1.000,1.000
301,1,141.000,0.000,141,141,2.828,1.000,1.414,141,141,NaN,0,141,187,417,135.000,1.000,1.000,1.000,1.000
302,1,151.000,0.000,151,151,2.828,1.000,1.414,151,151,NaN,0,151,253,417,135.000,1.000,1.000,1.000,1.000
303,1,141.000,0.000,141,141,2.828,1.000,1.414,141,141,-427.008,0,141,569,417,135.000,1.000,1.000,1.000,1.000
304,1,144.000,0.000,144,144,2.828,1.000,1.414,144,144,-436.008,0,144,579,417,135.000,1.000,1.000,1.000,1.000
305,2,136.500,6.364,132,141,5.657,0.785,2.828,273,141,270.482,0,273,228,421,45.000,1.414,2.646,0.378,0.667
306,1,142.000,0.000,142,142,2.828,1.000,1.414,142,142,-430.008,0,142,345,419,135.000,1.000,1.000,1.000,1.000
307,1,138.000,0.000,138,138,2.828,1.000,1.414,138,138,-418.008,0,138,473,419,135.000,1.000,1.000,1.000,1.000
308,1,141.000,0.000,141,141,2.828,1.000,1.414,141,141,-427.008,0,141,226,420,135.000,1.000,1.000,1.000,1.000
309,1,137.000,0.000,137,137,2.828,1.000,1.414,137,137,-415.008,0,137,514,420,135.000,1.000,1.000,1.000,1.000
310,1,136.000,0.000,136,136,2.828,1.000,1.414,136,136,404.008,0,136,5,421,135.000,1.000,1.000,1.000,1.000
311,1,125.000,0.000,125,125,2.828,1.000,1.414,125,125,-378.999,0,125,325,421,135.000,1.000,1.000,1.000,1.000
312,1,136.000,0.000,136,136,2.828,1.000,1.414,136,136,-412.008,0,136,505,421,135.000,1.000,1.000,1.000,1.000
313,2,140.000,4.243,137,143,5.657,0.785,2.828,280,143,-1230.050,0,280,466,422,135.000,1.414,2.646,0.378,0.667
314,3,135.667,9.609,127,146,7.071,0.754,3.606,407,134,123.199,0,407,191,425,33.690,1.789,2.702,0.370,0.667
315,1,142.000,0.000,142,142,2.828,1.000,1.414,142,142,-430.008,0,142,419,423,135.000,1.000,1.000,1.000,1.000
316,1,136.000,0.000,136,136,2.828,1.000,1.414,136,136,NaN,0,136,487,423,135.000,1.000,1.000,1.000,1.000
317,1,139.000,0.000,139,139,2.828,1.000,1.414,139,139,413.008,0,139,533,423,135.000,1.000,1.000,1.000,1.000
318,1,145.000,0.000,145,145,2.828,1.000,1.414,145,145,431.008,0,145,101,425,135.000,1.000,1.000,1.000,1.000
319,1,145.000,0.000,145,145,2.828,1.000,1.414,145,145,-439.008,0,145,181,425,135.000,1.000,1.000,1.000,1.000
320,1,139.000,0.000,139,139,2.828,1.000,1.414,139,139,413.008,0,139,379,425,135.000,1.000,1.000,1.000,1.000
321,1,139.000,0.000,139,139,2.828,1.000,1.414,139,139,NaN,0,139,632,426,135.000,1.000,1.000,1.000,1.000
322,1,139.000,0.000,139,139,2.828,1.000,1.414,139,139,-421.008,0,139,19,427,135.000,1.000,1.000,1.000,1.000
323,1,142.000,0.000,142,142,2.828,1.000,1.414,142,142,-430.008,0,142,59,427,135.000,1.000,1.000,1.000,1.000
324,1,144.000,0.000,144,144,2.828,1.000,1.414,144,144,NaN,0,144,93,427,135.000,1.000,1.000,1.000,1.000
325,1,143.000,0.000,143,143,2.828,1.000,1.414,143,143,NaN,0,143,181,427,135.000,1.000,1.000,1.000,1.000
326,1,137.000,0.000,137,137,2.828,1.000,1.414,137,137,407.008,0,137,5,429,135.000,1.000,1.000,1.000,1.000
327,2,140.500,2.121,139,142,5.657,0.785,2.828,281,142,-2.000,0,281,14,431,45.000,1.414,2.646,0.378,0.667
328,1,138.000,0.000,138,138,2.828,1.000,1.414,138,138,NaN,0,138,19,429,135.000,1.000,1.000,1.000,1.000
329,2,133.000,1.414,132,134,5.657,0.785,2.828,266,134,-853.464,0,266,26,431,45.000,1.414,2.646,0.378,0.667
330,1,143.000,0.000,143,143,2.828,1.000,1.414,143,143,NaN,0,143,159,429,135.000,1.000,1.000,1.000,1.000
331,1,139.000,0.000,139,139,2.828,1.000,1.414,139,139,-421.008,0,139,92,430,135.000,1.000,1.000,1.000,1.000
332,1,142.000,0.000,142,142,2.828,1.000,1.414,142,142,NaN,0,142,124,430,135.000,1.000,1.000,1.000,1.000
333,1,146.000,0.000,146,146,2.828,1.000,1.414,146,146,NaN,0,146,208,430,135.000,1.000,1.000,1.000,1.000
334,2,140.500,3.536,138,143,5.657,0.785,2.828,281,143,631.767,0,281,522,430,135.000,1.414,2.646,0.378,0.667
335,1,148.000,0.000,148,148,2.828,1.000,1.414,148,148,-448.008,0,148,73,431,135.000,1.000,1.000,1.000,1.000
336,2,140.500,3.536,138,143,4.828,1.000,2.236,281,143,-1083.823,0,281,89,431,116.565,1.000,2.000,0.500,1.000
337,1,143.000,0.000,143,143,2.828,1.000,1.414,143,143,-433.008,0,143,121,431,135.000,1.000,1.000,1.000,1.000
338,1,138.000,0.000,138,138,2.828,1.000,1.414,138,138,NaN,0,138,497,431,135.000,1.000,1.000,1.000,1.000
339,1,138.000,0.000,138,138,2.828,1.000,1.414,138,138,-418.008,0,138,132,432,135.000,1.000,1.000,1.000,1.000
340,1,139.000,0.000,139,139,2.828,1.000,1.414,139,139,NaN,0,139,228,432,135.000,1.000,1.000,1.000,1.000
341,1,138.000,0.000,138,138,2.828,1.000,1.414,138,138,NaN,0,138,134,433,135.000,1.000,1.000,1.000,1.000
342,3,140.667,3.215,137,143,8.485,0.524,4.243,422,142,-2042.205,0,422,209,433,135.000,1.414,4.123,0.243,0.600
343,1,140.000,0.000,140,140,2.828,1.000,1.414,140,140,-424.008,0,140,225,433,135.000,1.000,1.000,1.000,1.000
344,1,139.000,0.000,139,139,2.828,1.000,1.414,139,139,413.008,0,139,309,433,135.000,1.000,1.000,1.000,1.000
345,2,139.500,3.536,137,142,5.657,0.785,2.828,279,142,-1078.169,0,279,505,433,135.000,1.414,2.646,0.378,0.667
346,1,140.000,0.000,140,140,2.828,1.000,1.414,140,140,NaN,0,140,91,435,135.000,1.000,1.000,1.000,1.000
347,1,139.000,0.000,139,139,2.828,1.000,1.414,139,139,NaN,0,139,155,435,135.000,1.000,1.000,1.000,1.000
348,1,135.000,0.000,135,135,2.828,1.000,1.414,135,135,-409.008,0,135,291,435,135.000,1.000,1.000,1.000,1.000
349,7,134.000,6.403,123,140,12.728,0.543,5.099,938,136,-985.414,0,938,309,437,168.690,3.000,1.615,0.619,0.583
350,3,136.333,3.055,133,139,6.243,0.967,3.162,409,137,875.051,0,409,511,435,161.565,1.000,3.000,0.333,1.000
351,4,131.000,8.367,120,138,7.071,1.000,3.606,524,137,140.684,0,524,486,436,146.310,2.000,2.031,0.492,0.800
352,4,137.500,2.517,135,141,11.314,0.393,4.472,550,137,-2660.978,0,550,9,440,26.565,2.000,2.253,0.444,0.571
353,52,103.904,12.944,72,133,30.627,0.697,11.180,5403,106,6.573,0,5403,244,438,100.305,7.000,1.505,0.665,0.832
354,3,136.333,4.933,133,142,7.657,0.643,3.606,409,134,-1113.356,0,409,33,442,56.310,1.789,2.702,0.370,0.667
355,1,148.000,0.000,148,148,2.828,1.000,1.414,148,148,NaN,0,148,209,439,135.000,1.000,1.000,1.000,1.000
356,5,132.400,3.578,129,137,9.899,0.641,4.472,662,132,-2025.552,0,662,273,439,153.435,2.000,2.152,0.465,0.714
357,1,149.000,0.000,149,149,2.828,1.000,1.414,149,149,443.008,0,149,429,439,135.000,1.000,1.000,1.000,1.000
358,4,137.000,5.354,130,143,8.485,0.698,4.243,548,138,-1.044,0,548,587,439,135.000,2.121,2.654,0.377,0.667
359,1,151.000,0.000,151,151,2.828,1.000,1.414,151,151,NaN,0,151,141,440,135.000,1.000,1.000,1.000,1.000
360,1,142.000,0.000,142,142,2.828,1.000,1.414,142,142,NaN,0,142,484,440,135.000,1.000,1.000,1.000,1.000
361,3,142.000,1.732,141,144,8.485,0.524,4.243,426,141,-1.500,0,426,41,444,45.000,1.414,4.123,0.243,0.600
362,1,137.000,0.000,137,137,2.828,1.000,1.414,137,137,407.008,0,137,449,441,135.000,1.000,1.000,1.000,1.000
363,1,144.000,0.000,144,144,2.828,1.000,1.414,144,144,-436.008,0,144,24,442,135.000,1.000,1.000,1.000,1.000
364,1,140.000,0.000,140,140,2.828,1.000,1.414,140,140,-424.008,0,140,370,442,135.000,1.000,1.000,1.000,1.000
365,1,146.000,0.000,146,146,2.828,1.000,1.414,146,146,NaN,0,146,17,443,135.000,1.000,1.000,1.000,1.000
366,3,141.000,3.464,137,143,8.485,0.524,4.243,423,143,355.480,0,423,455,446,45.000,1.414,4.123,0.243,0.600
367,1,143.000,0.000,143,143,2.828,1.000,1.414,143,143,425.008,0,143,493,443,135.000,1.000,1.000,1.000,1.000
368,1,138.000,0.000,138,138,2.828,1.000,1.414,138,138,-418.008,0,138,587,443,135.000,1.000,1.000,1.000,1.000
369,1,145.000,0.000,145,145,2.828,1.000,1.414,145,145,NaN,0,145,167,445,135.000,1.000,1.000,1.000,1.000
370,1,145.000,0.000,145,145,2.828,1.000,1.414,145,145,431.008,0,145,333,445,135.000,1.000,1.000,1.000,1.000
371,3,139.667,3.512,136,143,7.657,0.643,3.606,419,140,-863.901,0,419,448,445,123.690,1.789,2.702,0.370,0.667
372,1,146.000,0.000,146,146,2.828,1.000,1.414,146,146,NaN,0,146,38,449,135.000,1.000,1.000,1.000,1.000
373,1,149.000,0.000,149,149,2.828,1.000,1.414,149,149,-451.008,0,149,97,449,135.000,1.000,1.000,1.000,1.000
374,1,143.000,0.000,143,143,2.828,1.000,1.414,143,143,425.008,0,143,221,449,135.000,1.000,1.000,1.000,1.000
375,1,138.000,0.000,138,138,2.828,1.000,1.414,138,138,NaN,0,138,340,450,135.000,1.000,1.000,1.000,1.000
376,1,141.000,0.000,141,141,2.828,1.000,1.414,141,141,419.008,0,141,141,451,135.000,1.000,1.000,1.000,1.000
377,1,145.000,0.000,145,145,2.828,1.000,1.414,145,145,NaN,0,145,229,451,135.000,1.000,1.000,1.000,1.000
378,1,143.000,0.000,143,143,2.828,1.000,1.414,143,143,NaN,0,143,459,451,135.000,1.000,1.000,1.000,1.000
379,1,121.000,0.000,121,121,2.828,1.000,1.414,121,121,-366.999,0,121,487,451,135.000,1.000,1.000,1.000,1.000
380,2,146.000,2.828,144,148,5.657,0.785,2.828,292,148,400.226,0,292,92,455,45.000,1.414,2.646,0.378,0.667
381,1,143.000,0.000,143,143,2.828,1.000,1.414,143,143,NaN,0,143,169,453,135.000,1.000,1.000,1.000,1.000
382,1,144.000,0.000,144,144,2.828,1.000,1.414,144,144,NaN,0,144,237,453,135.000,1.000,1.000,1.000,1.000
383,5,138.600,3.507,134,143,9.071,0.764,4.472,693,138,-9843.181,0,693,41,456,26.565,2.000,2.610,0.383,0.769
384,1,136.000,0.000,136,136,2.828,1.000,1.414,136,136,-412.008,0,136,204,454,135.000,1.000,1.000,1.000,1.000
385,1,138.000,0.000,138,138,2.828,1.000,1.414,138,138,410.008,0,138,35,455,135.000,1.000,1.000,1.000,1.000
386,1,145.000,0.000,145,145,2.828,1.000,1.414,145,145,431.008,0,145,123,455,135.000,1.000,1.000,1.000,1.000
387,1,146.000,0.000,146,146,2.828,1.000,1.414,146,146,NaN,0,146,175,455,135.000,1.000,1.000,1.000,1.000
388,4,132.000,5.598,125,137,8.485,0.698,4.243,528,136,349.755,0,528,475,455,135.000,2.121,2.654,0.377,0.667
389,1,138.000,0.000,138,138,2.828,1.000,1.414,138,138,410.008,0,138,487,455,135.000,1.000,1.000,1.000,1.000
390,1,146.000,0.000,146,146,2.828,1.000,1.414,146,146,-442.008,0,146,131,457,135.000,1.000,1.000,1.000,1.000
391,2,148.500,3.536,146,151,5.657,0.785,2.828,297,151,390.340,0,297,174,459,45.000,1.414,2.646,0.378,0.667
392,6,143.667,2.805,141,148,9.071,0.916,4.243,862,143,-1.214,0,862,207,457,135.000,2.828,1.593,0.628,0.857
393,1,137.000,0.000,137,137,2.828,1.000,1.414,137,137,NaN,0,137,437,457,135.000,1.000,1.000,1.000,1.000
394,2,136.500,0.707,136,137,5.657,0.785,2.828,273,137,-827.036,0,273,453,457,135.000,1.414,2.646,0.378,0.667
395,2,133.500,6.364,129,138,4.243,1.000,2.236,267,138,-2405.115,0,267,479,457,153.435,1.000,2.000,0.500,1.000
396,1,142.000,0.000,142,142,2.828,1.000,1.414,142,142,NaN,0,142,434,458,135.000,1.000,1.000,1.000,1.000
397,1,142.000,0.000,142,142,2.828,1.000,1.414,142,142,NaN,0,142,45,459,135.000,1.000,1.000,1.000,1.000
398,1,142.000,0.000,142,142,2.828,1.000,1.414,142,142,NaN,0,142,61,459,135.000,1.000,1.000,1.000,1.000
399,1,141.000,0.000,141,141,2.828,1.000,1.414,141,141,NaN,0,141,85,459,135.000,1.000,1.000,1.000,1.000
400,1,153.000,0.000,153,153,2.828,1.000,1.414,153,153,455.009,0,153,551,459,135.000,1.000,1.000,1.000,1.000
401,1,145.000,0.000,145,145,2.828,1.000,1.414,145,145,431.008,0,145,82,460,135.000,1.000,1.000,1.000,1.000
402,1,144.000,0.000,144,144,2.828,1.000,1.414,144,144,-436.008,0,144,200,460,135.000,1.000,1.000,1.000,1.000
403,1,151.000,0.000,151,151,2.828,1.000,1.414,151,151,-457.009,0,151,300,460,135.000,1.000,1.000,1.000,1.000
404,1,145.000,0.000,145,145,2.828,1.000,1.414,145,145,431.008,0,145,586,460,135.000,1.000,1.000,1.000,1.000
405,2,143.000,1.414,142,144,4.243,1.000,2.236,286,144,-2.000,0,286,44,461,153.435,1.000,2.000,0.500,1.000
406,2,141.500,2.121,140,143,5.657,0.785,2.828,283,143,-962.795,0,283,430,463,45.000,1.414,2.646,0.378,0.667
407,1,142.000,0.000,142,142,2.828,1.000,1.414,142,142,NaN,0,142,469,461,135.000,1.000,1.000,1.000,1.000
408,1,143.000,0.000,143,143,2.828,1.000,1.414,143,143,425.008,0,143,589,461,135.000,1.000,1.000,1.000,1.000
409,2,134.500,2.121,133,136,5.657,0.785,2.828,269,136,380.067,0,269,21,464,45.000,1.414,2.646,0.378,0.667
410,1,137.000,0.000,137,137,2.828,1.000,1.414,137,137,-415.008,0,137,313,462,135.000,1.000,1.000,1.000,1.000
411,1,132.000,0.000,132,132,2.828,1.000,1.414,132,132,NaN,0,132,424,462,135.000,1.000,1.000,1.000,1.000
412,2,142.000,0.000,142,142,5.657,0.785,2.828,284,142,-857.017,0,284,455,464,45.000,1.414,2.646,0.378,0.667
413,1,142.000,0.000,142,142,2.828,1.000,1.414,142,142,NaN,0,142,97,463,135.000,1.000,1.000,1.000,1.000
414,2,132.500,3.536,130,135,5.657,0.785,2.828,265,135,-2.000,0,265,4,464,135.000,1.414,2.646,0.378,0.667
415,1,145.000,0.000,145,145,2.828,1.000,1.414,145,145,431.008,0,145,120,464,135.000,1.000,1.000,1.000,1.000
416,1,147.000,0.000,147,147,2.828,1.000,1.414,147,147,437.008,0,147,302,464,135.000,1.000,1.000,1.000,1.000
417,3,140.667,2.309,138,142,8.485,0.524,4.243,422,142,-702.297,0,422,317,465,135.000,1.414,4.123,0.243,0.600
418,4,136.250,1.708,134,138,7.657,0.857,3.606,545,137,-0.945,0,545,456,465,123.690,2.000,2.000,0.500,0.800
419,2,138.000,0.000,138,138,4.828,1.000,2.236,276,138,-2.000,0,276,25,467,116.565,1.000,2.000,0.500,1.000
420,1,138.000,0.000,138,138,2.828,1.000,1.414,138,138,NaN,0,138,133,467,135.000,1.000,1.000,1.000,1.000
421,1,146.000,0.000,146,146,2.828,1.000,1.414,146,146,-442.008,0,146,136,468,135.000,1.000,1.000,1.000,1.000
422,2,148.000,2.828,146,150,5.657,0.785,2.828,296,150,406.198,0,296,9,469,135.000,1.414,2.646,0.378,0.667
423,1,134.000,0.000,134,134,2.828,1.000,1.414,134,134,NaN,0,134,201,469,135.000,1.000,1.000,1.000,1.000
424,1,139.000,0.000,139,139,2.828,1.000,1.414,139,139,413.008,0,139,128,470,135.000,1.000,1.000,1.000,1.000
425,2,135.500,3.536,133,138,5.657,0.785,2.828,271,138,-2.000,0,271,14,473,45.000,1.414,2.646,0.378,0.667
426,1,149.000,0.000,149,149,2.828,1.000,1.414,149,149,-451.008,0,149,120,471,135.000,1.000,1.000,1.000,1.000
427,1,139.000,0.000,139,139,2.828,1.000,1.414,139,139,NaN,0,139,587,471,135.000,1.000,1.000,1.000,1.000
428,6,135.000,3.406,130,139,11.314,0.589,5.657,810,137,457.872,0,810,125,476,45.000,2.121,3.292,0.304,0.667
429,1,133.000,0.000,133,133,2.828,1.000,1.414,133,133,395.008,0,133,228,472,135.000,1.000,1.000,1.000,1.000
430,4,140.250,2.363,137,142,8.485,0.698,3.606,561,142,697.424,0,561,90,473,146.310,2.000,1.637,0.611,0.727
431,2,136.500,0.707,136,137,5.657,0.785,2.828,273,137,403.275,0,273,130,475,45.000,1.414,2.646,0.378,0.667
432,11,138.909,3.448,132,144,16.971,0.480,5.831,1528,139,-1616.723,0,1528,11,480,59.036,4.715,1.229,0.814,0.564
433,5,139.200,1.924,136,141,8.485,0.873,4.243,696,140,-1265.811,0,696,19,478,45.000,2.121,2.308,0.433,0.769
434,1,144.000,0.000,144,144,2.828,1.000,1.414,144,144,NaN,0,144,117,475,135.000,1.000,1.000,1.000,1.000
435,1,132.000,0.000,132,132,2.828,1.000,1.414,132,132,NaN,0,132,471,475,135.000,1.000,1.000,1.000,1.000
436,1,138.000,0.000,138,138,2.828,1.000,1.414,138,138,-418.008,0,138,92,476,135.000,1.000,1.000,1.000,1.000
437,1,136.000,0.000,136,136,2.828,1.000,1.414,136,136,404.008,0,136,136,476,135.000,1.000,1.000,1.000,1.000
438,1,143.000,0.000,143,143,2.828,1.000,1.414,143,143,NaN,0,143,230,476,135.000,1.000,1.000,1.000,1.000
439,1,150.000,0.000,150,150,2.828,1.000,1.414,150,150,NaN,0,150,244,476,135.000,1.000,1.000,1.000,1.000
440,1,144.000,0.000,144,144,2.828,1.000,1.414,144,144,428.008,0,144,254,476,135.000,1.000,1.000,1.000,1.000
441,2,131.500,2.121,130,133,4.828,1.000,2.236,263,133,-2.000,0,263,124,477,116.565,1.000,2.000,0.500,1.000
442,1,138.000,0.000,138,138,2.828,1.000,1.414,138,138,-418.008,0,138,461,477,135.000,1.000,1.000,1.000,1.000
443,2,143.000,0.000,143,143,5.657,0.785,2.828,286,143,853.017,0,286,92,478,135.000,1.414,2.646,0.378,0.667
444,5,133.200,5.167,126,140,9.657,0.674,4.472,666,134,-697.893,0,666,131,480,26.565,2.000,2.749,0.364,0.769
445,3,135.667,5.132,130,140,5.657,1.000,2.828,407,137,494.867,0,407,313,480,45.000,2.000,1.464,0.683,0.857
446,1,141.000,0.000,141,141,2.828,1.000,1.414,141,141,-427.008,0,141,129,479,135.000,1.000,1.000,1.000,1.000
